{"type":"FeatureCollection", "features": [
{"type":"Feature","geometry":{"type":"Polygon","coordinates":[[[99.231,52.963],[98.938,52.937],[98.941,52.672],[98.631,52.415],[98.969,52.143],[99.296,51.955],[99.748,51.904],[100.058,51.73],[100.65,51.726],[101.249,51.542],[102.118,51.359],[102.218,50.815],[102.548,50.577],[102.651,50.406],[102.93,50.31],[103.231,50.322],[103.721,50.132],[103.84,50.193],[104.143,50.146],[104.387,50.31],[104.903,50.411],[105.426,50.445],[106.067,50.4],[106.258,50.304],[106.509,50.348],[106.81,50.302],[107.237,49.989],[107.759,49.972],[107.734,50.153],[108.531,50.472],[108.48,50.583],[108.069,50.739],[108.33,51],[108.561,51.121],[108.479,51.388],[109.026,51.478],[109.225,51.366],[109.597,51.453],[110.048,51.623],[110.427,51.521],[110.688,51.509],[111.015,51.791],[111.462,51.871],[111.733,51.997],[112.07,52.283],[112.511,52.249],[112.547,52.346],[112.906,52.333],[113.152,52.453],[113.488,52.469],[114.077,52.662],[114.326,53.041],[113.973,53.236],[113.827,53.418],[113.824,53.631],[114.003,53.727],[114.985,54],[115.162,54.189],[115.596,54.41],[116.189,54.512],[116.721,54.529],[116.875,54.876],[116.756,55.118],[116.473,55.229],[116.378,55.379],[116.107,55.344],[115.902,55.41],[115.765,56.177],[115.676,56.281],[115.678,56.572],[115.421,56.596],[115.73,56.962],[116.251,57.138],[115.845,57.248],[115.654,57.121],[115.07,57.112],[115.067,57.01],[114.749,56.701],[114.158,56.697],[113.788,56.614],[112.866,56.686],[112.55,56.946],[112.218,56.857],[111.831,56.913],[111.499,57.117],[111.242,56.892],[110.629,56.837],[110.014,56.976],[109.688,56.696],[109.424,56.738],[109.143,56.68],[108.74,56.505],[108.549,56.332],[108.805,56.235],[109.035,55.997],[108.823,55.848],[108.776,55.611],[108.639,55.49],[108.797,55.166],[108.698,55.063],[108.726,54.795],[108.632,54.546],[109.068,54.426],[108.451,53.848],[108.014,53.236],[107,52.717],[106.173,52.361],[105.774,51.956],[105.309,51.749],[104.588,51.622],[104.673,51.338],[104.197,51.284],[103.81,51.13],[103.801,51.435],[103.586,51.491],[103.338,51.447],[103.181,51.619],[103.227,51.805],[102.67,52.061],[102.515,52.235],[101.926,52.318],[101.678,52.476],[101.054,52.764],[100.911,52.783],[100.378,53.105],[100.421,53.249],[100.266,53.372],[99.852,53.287],[99.717,53.15],[99.372,53.102],[99.231,52.963]]]},"properties":{"name":"Бурятия"}},
{"type":"Feature","geometry":{"type":"Polygon","coordinates":[[[41.737,44.473],[41.634,44.378],[41.699,44.171],[41.48,44.001],[41.085,44.095],[40.803,43.918],[40.723,43.795],[40.714,43.533],[40.951,43.419],[41.219,43.381],[41.589,43.235],[42.041,43.187],[42.414,43.257],[42.456,43.621],[42.678,43.81],[42.66,43.937],[42.303,44.029],[42.609,44.312],[42.029,44.353],[41.933,44.496],[41.737,44.473]]]},"properties":{"name":"Карачаево-Черкесская республика"}},
{"type":"Feature","geometry":{"type":"MultiPolygon","coordinates":[[[[145.547,43.654],[145.576,43.843],[145.789,43.948],[145.942,44.152],[146.391,44.362],[146.172,44.514],[145.744,44.105],[145.405,43.84],[145.547,43.654]]],[[[146.953,44.427],[147.209,44.568],[147.385,44.745],[148.095,45.11],[148.637,45.334],[148.843,45.337],[148.89,45.485],[148.655,45.539],[148.343,45.291],[147.872,45.227],[147.263,44.865],[147.191,44.707],[146.875,44.499],[146.953,44.427]]],[[[144.674,48.643],[144.666,48.882],[144.425,49.012],[144.563,48.891],[144.674,48.643]]],[[[144.425,49.012],[144.281,49.245],[144.121,49.755],[143.785,50.333],[143.62,50.949],[143.341,51.706],[143.14,52.132],[143.283,52.453],[143.337,52.832],[143.247,53.219],[142.924,53.782],[142.972,54.141],[142.649,54.346],[142.331,54.267],[142.693,53.946],[142.585,53.718],[142.639,53.542],[142.416,53.376],[142.205,53.534],[141.757,53.37],[141.92,53.058],[141.825,52.549],[141.652,52.392],[141.638,51.877],[141.755,51.705],[142.074,51.477],[142.249,51.155],[142.116,50.893],[142.043,50.536],[142.15,50.373],[142.167,49.805],[142.092,49.229],[141.872,48.676],[142.143,48.325],[142.202,47.984],[141.962,47.62],[141.965,47.301],[142.05,47.195],[142.007,46.948],[141.81,46.6],[141.923,46.044],[142.172,46.016],[142.249,46.273],[142.454,46.651],[142.726,46.737],[142.77,46.608],[143.15,46.606],[143.564,46.345],[143.476,46.826],[143.3,46.799],[143.091,46.919],[143.017,47.251],[142.591,47.626],[142.51,47.896],[142.546,48.076],[142.861,48.753],[142.98,48.898],[143.028,49.168],[143.293,49.287],[143.618,49.317],[144.138,49.219],[144.425,49.012]]],[[[155.415,50.015],[155.616,50.185],[155.888,50.246],[156.169,50.508],[156.149,50.747],[155.858,50.652],[155.649,50.378],[155.388,50.34],[155.24,50.054],[155.415,50.015]]],[[[149.527,45.574],[150.192,45.939],[150.218,46.188],[149.478,45.658],[149.527,45.574]]]]},"properties":{"name":"Сахалинская область"}},
{"type":"Feature","geometry":{"type":"Polygon","coordinates":[[[38.293,51.966],[38.429,51.945],[38.297,51.521],[38.289,51.296],[38.388,51.077],[38.588,51.012],[38.769,50.72],[39.084,50.606],[39.047,50.277],[39.218,50.048],[39.18,49.889],[39.178,49.866],[39.203,49.864],[39.227,49.84],[39.228,49.807],[39.251,49.776],[39.274,49.768],[39.379,49.739],[39.434,49.759],[39.479,49.757],[39.611,49.734],[39.639,49.635],[39.66,49.615],[39.75,49.597],[39.806,49.558],[39.84,49.564],[39.891,49.558],[39.952,49.597],[40.135,49.617],[40.178,49.609],[40.549,49.581],[40.637,49.673],[40.922,49.701],[41.082,49.943],[41.298,50.021],[41.401,50.203],[41.522,50.362],[41.348,50.71],[41.472,50.95],[41.751,51.006],[41.928,51.194],[42.087,51.148],[42.596,51.153],[42.881,51.233],[42.752,51.495],[42.521,51.596],[42.344,51.588],[41.585,51.769],[41.002,51.716],[40.846,51.922],[40.534,51.946],[40.127,51.986],[39.841,51.921],[39.484,51.978],[39.3,52.103],[39.015,51.985],[38.877,52.097],[38.293,51.966]]]},"properties":{"name":"Воронежская область"}},
{"type":"Feature","geometry":{"type":"Polygon","coordinates":[[[75.108,58.576],[75.377,58.454],[75.057,58.339],[75.242,58.203],[75.071,58.117],[75.566,57.935],[75.55,57.625],[75.704,57.625],[75.848,57.386],[76.095,57.236],[76.945,57.17],[78.463,57.165],[78.44,57.113],[79.589,56.923],[80.264,56.422],[81.22,56.538],[81.573,56.242],[81.992,56.334],[82.809,56.42],[83.11,56.55],[83.289,56.443],[83.065,56.23],[83.377,55.918],[83.211,55.73],[83.616,55.665],[83.953,56.015],[84.454,56.043],[84.897,56.163],[85.414,56.206],[86.339,56.636],[86.678,56.643],[86.849,56.556],[87.597,56.664],[87.701,56.551],[88.424,56.834],[88.598,56.802],[88.865,57.444],[89.13,57.615],[89.355,57.616],[89.353,57.913],[88.859,57.955],[88.687,58.036],[88.107,58.113],[87.924,58.511],[88.383,58.893],[88.829,59.023],[88.576,59.212],[88.626,59.295],[87.902,59.256],[87.514,59.664],[87.174,59.683],[87.078,59.879],[86.636,59.949],[85.998,59.947],[85.5,59.883],[84.708,59.892],[84.616,60.169],[84.791,60.352],[84.263,60.863],[83.95,60.836],[83.477,61.036],[83.157,61.027],[82.376,60.707],[82.167,60.516],[81.88,60.64],[81.459,60.607],[81.104,60.642],[81.052,60.756],[80.705,60.803],[80.201,60.675],[79.399,60.636],[79.308,60.794],[78.7,60.825],[77.97,60.741],[77.704,60.82],[77.108,60.858],[76.829,60.467],[76.866,60.271],[76.665,59.571],[76.177,59.53],[75.841,59.28],[75.64,59.212],[75.728,59.015],[75.635,58.912],[75.131,58.664],[75.108,58.576]]]},"properties":{"name":"Томская область"}},
{"type":"Feature","geometry":{"type":"Polygon","coordinates":[[[76.095,57.236],[76.289,56.697],[75.962,56.507],[76.307,56.157],[75.732,56.113],[75.262,55.844],[75.115,55.686],[75.162,55.447],[75.368,55.068],[75.332,54.911],[75.639,54.81],[75.825,54.666],[75.691,54.546],[75.688,54.123],[76.217,54.263],[76.263,54.359],[76.877,54.302],[76.54,54.003],[77.907,53.291],[77.963,53.487],[78.108,53.576],[78.334,53.479],[78.646,53.513],[78.708,53.632],[79.421,53.68],[79.877,53.914],[80.799,54.256],[80.952,54.376],[81.126,54.115],[81.476,54.078],[81.716,53.772],[82.322,53.563],[82.502,53.547],[82.715,53.777],[83.198,54.066],[83.488,53.978],[83.554,54.109],[83.956,54.106],[84.597,54.255],[85.117,54.438],[84.895,54.729],[85.088,54.816],[84.878,55.02],[84.927,55.164],[84.741,55.641],[84.539,55.719],[84.454,56.043],[83.953,56.015],[83.616,55.665],[83.211,55.73],[83.377,55.918],[83.065,56.23],[83.289,56.443],[83.11,56.55],[82.809,56.42],[81.992,56.334],[81.573,56.242],[81.22,56.538],[80.264,56.422],[79.589,56.923],[78.44,57.113],[78.463,57.165],[76.945,57.17],[76.095,57.236]]]},"properties":{"name":"Новосибирская область"}},
{"type":"Feature","geometry":{"type":"MultiPolygon","coordinates":[[[[64.735,69.12],[64.761,69.127],[64.919,69.307],[64.304,69.496],[62.789,69.714],[61.434,69.773],[60.853,69.856],[60.68,69.655],[60.331,69.66],[60.221,69.506],[60.95,69.069],[60.89,68.886],[60.509,68.708],[59.804,68.627],[59.975,68.491],[59.528,68.333],[59.171,68.388],[59.093,68.554],[59.449,68.741],[58.872,68.975],[58.126,68.838],[57.835,68.678],[57.105,68.519],[56.643,68.618],[56.006,68.642],[55.34,68.541],[54.984,68.408],[54.673,68.17],[53.944,68.407],[53.72,68.617],[53.987,68.839],[53.493,68.907],[52.016,68.533],[51.299,68.381],[50.629,68.289],[49.876,68.034],[49.061,67.835],[48.474,67.637],[47.834,67.579],[47.743,67.008],[47.442,66.918],[46.66,66.816],[46.018,66.825],[45.827,66.889],[45.603,67.145],[44.919,67.324],[44.934,67.443],[45.356,67.713],[46.333,67.821],[46.693,67.808],[46.525,68.129],[45.805,68.468],[44.773,68.553],[43.553,68.525],[44.201,68.303],[44.136,67.745],[43.808,67.347],[43.777,67.197],[44.319,67.057],[44.517,66.908],[44.475,66.672],[44.25,66.436],[44.59,66.298],[45.703,66.083],[46.347,66.038],[47.145,65.821],[47.749,65.906],[48.085,66.129],[49,66.113],[51.545,66.774],[51.546,66.88],[52.149,67.099],[53.875,67],[57.068,67],[59.974,67],[61.644,67.003],[61.729,67.096],[62.864,67.37],[62.943,67.605],[63.426,67.769],[63.921,67.845],[63.866,68.033],[64.582,68.2],[64.816,68.41],[65.473,68.418],[65.658,68.581],[64.625,68.933],[64.735,69.12]]],[[[49.07,68.672],[49.739,68.876],[50.248,69.194],[49.335,69.491],[48.743,69.46],[48.413,69.322],[48.255,69.138],[48.242,68.787],[49.07,68.672]]],[[[59.477,69.832],[59.642,69.713],[60.431,69.715],[60.339,69.953],[59.586,70.204],[59.387,70.34],[58.881,70.422],[58.422,70.206],[59.066,69.857],[59.477,69.832]]]]},"properties":{"name":"Ненецкий автономный округ"}},
{"type":"Feature","geometry":{"type":"Polygon","coordinates":[[[158.543,66.335],[158.432,66.203],[157.745,66.099],[157.214,65.896],[156.644,66.148],[156.427,66.038],[155.948,66.068],[155.748,66.161],[155.372,66.13],[154.394,66.183],[154.416,65.95],[153.532,65.81],[153.442,65.485],[153.501,65.346],[152.661,65.168],[152.519,64.977],[152.586,64.811],[152.847,64.701],[152.359,64.508],[151.975,64.489],[151.372,64.366],[150.64,64.338],[150.651,64.168],[150.234,64.213],[149.871,64.562],[149.339,64.377],[148.709,64.402],[148.328,64.528],[148.048,64.408],[148.315,64.221],[148.018,63.936],[147.402,64.13],[146.369,64.186],[146.166,63.927],[145.586,63.828],[145.676,63.674],[145.468,63.526],[145.25,63.161],[145.457,62.707],[145.437,62.531],[145.138,62.479],[145.202,62.299],[144.736,62.045],[144.988,62.052],[145.451,61.949],[145.965,62.004],[146.348,61.841],[146.74,61.469],[146.705,60.949],[146.35,60.66],[146.085,60.737],[145.529,60.495],[145.637,60.265],[145.857,60.17],[146.372,60.251],[146.689,60.087],[146.801,59.905],[147.039,59.948],[147.216,59.732],[147.109,59.409],[146.942,59.369],[147.48,59.246],[147.898,59.388],[148.396,59.379],[148.418,59.253],[148.865,59.274],[148.725,59.464],[149.161,59.485],[149.107,59.631],[149.666,59.754],[150.459,59.616],[150.745,59.436],[151.059,59.582],[151.449,59.557],[152.12,59.152],[151.463,59.165],[151.138,59.082],[151.362,58.858],[152.122,58.903],[152.409,59.024],[152.735,58.907],[153.02,59.068],[153.339,59.087],[153.499,59.233],[153.944,59.069],[155.182,59.174],[155.21,59.347],[155.013,59.478],[154.646,59.542],[154.294,59.437],[154.073,59.514],[154.257,59.687],[154.241,59.888],[154.513,60.031],[154.951,60.362],[155.922,60.749],[155.918,60.858],[156.381,61.151],[156.662,61.212],[156.681,61.525],[157.433,61.773],[158.039,61.73],[158.25,61.822],[159.348,61.892],[159.571,61.651],[159.876,61.704],[160.297,61.939],[160.411,61.761],[160.203,61.51],[159.859,61.259],[160.209,61.038],[160.251,60.738],[160.829,60.752],[160.91,60.897],[161.985,61.373],[162.466,61.665],[162.524,62.083],[162.781,62.451],[162.565,62.83],[162.28,62.903],[162.304,63.065],[162.781,63.194],[162.996,63.624],[162.726,63.752],[162.954,63.923],[162.867,64.163],[163.18,64.157],[163.414,64.446],[163.265,64.693],[162.752,64.662],[161.799,64.84],[161.718,65.003],[161.037,65.178],[160.502,65.178],[160.093,65.502],[158.952,65.727],[158.9,65.817],[159.26,66.164],[158.543,66.335]]]},"properties":{"name":"Магаданская область"}},
{"type":"Feature","geometry":{"type":"MultiPolygon","coordinates":[[[[162.466,61.665],[162.822,61.716],[163.039,61.516],[163.286,61.725],[162.987,61.788],[163.135,62.031],[163.083,62.221],[163.254,62.319],[163.25,62.514],[164.378,62.694],[164.615,62.68],[164.735,62.458],[164.156,62.274],[164.054,61.692],[163.751,61.469],[164.029,61.356],[163.94,61.227],[163.622,61.117],[163.763,60.921],[161.944,60.42],[161.945,60.234],[161.493,60.042],[161.265,59.846],[160.846,59.607],[160.49,59.549],[160.397,59.388],[159.857,59.124],[159.736,58.872],[159.023,58.402],[158.261,58.042],[157.69,58.013],[157.525,57.821],[157.307,57.766],[156.868,57.795],[157.003,57.451],[156.733,57.11],[156.084,56.786],[155.959,56.633],[155.652,55.967],[155.556,55.367],[155.589,55.019],[155.729,54.456],[155.886,54.026],[156.066,53.319],[156.13,52.913],[156.415,52.315],[156.472,52.107],[156.49,51.496],[156.553,51.278],[156.712,51.202],[156.781,50.937],[157.441,51.348],[157.564,51.502],[157.91,51.631],[158.272,51.96],[158.602,52.693],[158.903,53.024],[159.617,53.257],[159.904,53.253],[159.956,53.502],[159.843,53.796],[159.991,54.111],[160.637,54.49],[161.143,54.588],[161.275,54.479],[161.708,54.496],[162.138,54.754],[162.138,54.864],[161.778,55.234],[161.773,55.608],[162.106,56.102],[162.63,56.225],[162.818,56.061],[163.047,56.01],[163.362,56.183],[163.244,56.733],[162.892,56.7],[162.778,56.775],[162.852,57.03],[162.781,57.346],[163.096,57.483],[163.303,57.719],[162.799,57.918],[162.589,57.938],[162.461,57.782],[162.093,57.875],[162,58.133],[162.132,58.369],[162.55,58.75],[163.015,58.945],[162.907,59.108],[163.107,59.268],[163.328,59.288],[163.222,59.567],[163.521,59.89],[163.867,60.039],[164.71,59.999],[164.793,59.834],[165.133,59.903],[165.143,60.057],[165.758,60.262],[166.272,60.474],[166.313,60.195],[166.093,59.805],[166.286,59.81],[166.987,60.3],[168.32,60.59],[169.412,60.515],[169.738,60.395],[169.967,60.068],[170.422,59.97],[170.644,60.41],[171.212,60.558],[171.781,60.847],[172.043,60.838],[172.277,61.005],[172.97,61.284],[173.071,61.382],[173.817,61.671],[174.475,61.808],[174.452,62.024],[174.193,62.073],[174.059,62.266],[174.159,62.424],[173.672,62.547],[173.07,62.383],[172.208,62.465],[171.472,62.304],[171.148,62.335],[170.837,62.251],[170.235,62.292],[169.852,62.656],[169.109,62.98],[168.922,62.944],[168.466,63.083],[168.827,63.305],[169.642,63.654],[169.387,63.94],[169.102,63.941],[168.563,64.289],[168.038,64.265],[167.384,64.479],[167.248,64.603],[166.635,64.521],[166.041,64.549],[165.024,64.838],[164.797,64.768],[164.27,64.927],[163.908,64.848],[163.609,64.923],[163.267,64.797],[163.265,64.693],[163.414,64.446],[163.18,64.157],[162.867,64.163],[162.954,63.923],[162.726,63.752],[162.996,63.624],[162.781,63.194],[162.304,63.065],[162.28,62.903],[162.565,62.83],[162.781,62.451],[162.524,62.083],[162.466,61.665]]],[[[163.503,58.469],[163.624,58.589],[164.139,58.8],[164.699,58.913],[164.586,59.218],[163.921,58.995],[163.503,58.469]]],[[[166.595,54.717],[166.593,54.914],[166.445,54.963],[166.241,55.201],[165.978,55.227],[166.176,54.961],[166.595,54.717]]]]},"properties":{"name":"Камчатский край"}},
{"type":"Feature","geometry":{"type":"Polygon","coordinates":[[[134.005,46.655],[133.845,46.481],[133.91,46.264],[133.735,46.054],[133.456,45.828],[133.446,45.654],[133.188,45.501],[132.97,45.022],[132.032,45.249],[131.878,45.34],[131.475,44.964],[131.15,44.946],[130.979,44.866],[131.104,44.706],[131.303,44.059],[131.21,43.823],[131.204,43.519],[131.296,43.469],[131.205,43.134],[131.035,42.868],[130.829,42.883],[130.436,42.752],[130.627,42.598],[130.553,42.518],[130.7,42.293],[130.843,42.561],[130.985,42.648],[131.176,42.596],[131.257,42.768],[131.682,43.146],[131.921,43.204],[131.965,43.077],[132.258,43.268],[132.406,42.92],[132.961,42.838],[133.149,42.685],[133.603,42.833],[133.959,42.909],[134.188,43.072],[134.778,43.309],[135.156,43.522],[135.182,43.61],[135.501,43.847],[135.652,44.179],[135.881,44.413],[136.184,44.527],[136.24,44.677],[136.765,45.093],[136.802,45.199],[137.139,45.375],[137.359,45.614],[137.688,45.811],[137.77,45.945],[138.109,46.247],[138.166,46.434],[138.342,46.539],[138.352,46.694],[138.604,47.075],[139.033,47.396],[138.863,47.47],[138.537,47.482],[138.738,47.77],[138.637,48.122],[138.397,48.444],[138.236,48.443],[137.835,48.209],[137.451,48.203],[137.323,48.065],[137.611,47.898],[137.777,47.721],[138.054,47.671],[138.004,47.463],[137.393,47.202],[137.081,47.304],[136.948,47.166],[136.978,47.025],[136.725,46.858],[136.234,46.775],[136.054,46.867],[135.837,46.829],[135.691,46.967],[135.085,47.213],[134.662,47.124],[134.407,46.861],[134.388,46.675],[134.005,46.655]]]},"properties":{"name":"Приморский край"}},
{"type":"Feature","geometry":{"type":"Polygon","coordinates":[[[42.678,43.81],[42.855,43.802],[43.148,43.895],[43.318,43.8],[43.474,43.866],[43.743,43.821],[43.92,44.018],[44.271,43.917],[44.291,43.81],[44.79,43.817],[44.832,43.682],[45.063,43.719],[45.2,43.876],[45.438,43.876],[45.487,44.01],[45.504,44.176],[45.227,44.468],[45.656,44.804],[45.705,44.977],[45.586,45.121],[45.194,45.284],[44.319,45.551],[44.181,45.635],[43.918,45.945],[43.47,45.989],[42.914,46.236],[42.555,46.006],[42.32,45.968],[41.714,45.982],[41.161,45.952],[41.167,45.674],[40.848,45.694],[40.846,45.517],[40.98,45.422],[41.036,45.225],[41.354,45.223],[41.456,44.988],[41.654,44.986],[41.56,44.738],[41.59,44.516],[41.737,44.473],[41.933,44.496],[42.029,44.353],[42.609,44.312],[42.303,44.029],[42.66,43.937],[42.678,43.81]]]},"properties":{"name":"Ставропольский край"}},
{"type":"Feature","geometry":{"type":"Polygon","coordinates":[[[77.907,53.291],[78.282,52.916],[79.18,51.931],[80.069,50.743],[80.193,50.896],[80.483,50.973],[80.469,51.206],[80.679,51.318],[81.179,51.16],[81.066,50.945],[81.417,50.972],[81.457,50.754],[81.895,50.798],[82.234,50.731],[82.684,50.801],[82.774,50.926],[82.995,50.913],[83.303,51.012],[83.649,50.948],[83.972,50.79],[84.073,50.635],[84.474,50.687],[84.572,50.815],[84.491,50.948],[84.121,51.071],[84.387,51.266],[84.996,51.514],[85.444,51.563],[85.854,51.891],[85.919,52.106],[86.396,52.033],[86.726,52.139],[86.781,52.295],[86.646,52.496],[86.938,52.656],[87.133,52.618],[86.912,52.847],[87.063,53.026],[86.644,53.18],[86.905,53.412],[86.394,53.597],[86.296,53.83],[86.124,53.983],[85.871,54.038],[85.749,54.164],[85.425,54.187],[85.117,54.438],[84.597,54.255],[83.956,54.106],[83.554,54.109],[83.488,53.978],[83.198,54.066],[82.715,53.777],[82.502,53.547],[82.322,53.563],[81.716,53.772],[81.476,54.078],[81.126,54.115],[80.952,54.376],[80.799,54.256],[79.877,53.914],[79.421,53.68],[78.708,53.632],[78.646,53.513],[78.334,53.479],[78.108,53.576],[77.963,53.487],[77.907,53.291]]]},"properties":{"name":"Алтайский край"}},
{"type":"Feature","geometry":{"type":"Polygon","coordinates":[[[37.045,55.142],[37.405,55.251],[37.467,55.413],[37.887,55.705],[37.703,55.893],[37.409,55.881],[37.417,55.681],[36.816,55.508],[36.937,55.241],[37.045,55.142]]]},"properties":{"name":"Москва"}},
{"type":"Feature","geometry":{"type":"Polygon","coordinates":[[[99.231,52.963],[99.014,53.102],[98.003,53.25],[97.59,53.377],[97.389,53.544],[96.888,53.73],[96.689,53.646],[96.659,53.564],[95.807,53.491],[95.336,53.376],[95.213,53.468],[94.618,53.331],[94.514,52.909],[94.158,52.831],[94.103,52.686],[93.754,52.428],[93.642,52.193],[93.338,52.128],[92.891,51.844],[92.076,51.773],[91.804,51.887],[90.913,51.927],[90.487,52.196],[90.143,52.148],[89.952,51.755],[89.71,51.562],[89.44,51.607],[88.792,51.554],[89.009,51.394],[88.967,51.203],[89.056,51.046],[89.467,50.78],[89.644,50.581],[89.707,50.384],[89.344,50.264],[89.512,50.119],[89.592,49.911],[89.901,49.954],[90.002,50.054],[90.285,50.111],[90.903,50.408],[91.403,50.48],[91.84,50.735],[92.059,50.698],[92.459,50.79],[92.727,50.717],[93.009,50.793],[93.01,50.606],[93.45,50.632],[93.709,50.585],[94.222,50.599],[94.336,50.533],[94.384,50.24],[94.607,50.037],[94.995,50.041],[95.083,49.964],[95.565,49.948],[95.853,50.046],[96.265,49.977],[96.418,49.873],[96.729,49.927],[97,49.883],[97.229,49.745],[97.5,49.81],[97.617,49.941],[98.07,50.036],[98.305,50.356],[98.265,50.531],[98.008,50.669],[98.031,50.861],[97.832,51.029],[98.05,51.45],[98.224,51.457],[98.354,51.732],[98.764,51.87],[98.969,52.143],[98.631,52.415],[98.941,52.672],[98.938,52.937],[99.231,52.963]]]},"properties":{"name":"Тыва"}},
{"type":"Feature","geometry":{"type":"Polygon","coordinates":[[[42.521,51.596],[42.523,51.721],[42.713,51.886],[42.79,52.184],[43.04,52.371],[43.058,52.559],[43.194,52.717],[42.958,52.931],[42.755,53.018],[42.11,53.515],[42.145,53.802],[41.549,53.812],[41.37,53.744],[41.354,53.526],[41.042,53.476],[40.701,53.556],[40.369,53.341],[40.17,53.312],[40.083,52.755],[39.977,52.597],[40.513,52.355],[40.637,52.175],[40.534,51.946],[40.846,51.922],[41.002,51.716],[41.585,51.769],[42.344,51.588],[42.521,51.596]]]},"properties":{"name":"Тамбовская область"}},
{"type":"Feature","geometry":{"type":"Polygon","coordinates":[[[59.348,61.664],[59.369,61.393],[59.258,61.313],[59.483,60.832],[59.356,60.521],[59.218,60.443],[58.989,59.908],[58.693,59.857],[58.479,59.712],[58.363,59.465],[58.625,59.298],[59.197,59.147],[59.08,58.906],[59.154,58.718],[59.416,58.663],[59.454,58.478],[59.186,58.279],[58.925,58.281],[58.587,58.042],[58.831,57.74],[58.159,57.68],[57.986,57.555],[57.94,57.316],[58.104,57.129],[57.676,56.921],[57.229,56.856],[57.399,56.641],[57.406,56.343],[57.508,56.195],[57.913,56.107],[58.583,56.165],[58.961,56.065],[59.042,56.168],[59.289,56.327],[59.714,56.324],[60.004,56.221],[60.705,56.243],[60.964,56.191],[61.092,56.319],[61.735,56.287],[62.061,56.131],[62.071,56.297],[62.428,56.527],[62.603,56.491],[62.986,56.598],[63.474,56.612],[63.829,56.481],[64.179,56.461],[64.35,56.683],[64.546,56.789],[64.927,56.772],[65.17,56.764],[65.253,56.921],[64.982,57.068],[65.005,57.234],[64.827,57.293],[64.937,57.555],[64.833,57.648],[65.407,57.826],[65.534,57.762],[66.185,58.011],[66,58.249],[65.95,58.615],[65.656,58.658],[65.372,58.9],[65.238,59.205],[65.074,59.31],[64.487,59.377],[64.02,59.382],[63.874,59.461],[63.795,59.817],[63.606,60.102],[63.226,60.294],[62.867,60.654],[62.76,60.853],[62.825,61.001],[62.484,61.261],[61.229,61.654],[60.515,61.736],[59.993,61.718],[59.973,61.883],[59.487,61.946],[59.328,61.842],[59.348,61.664]]]},"properties":{"name":"Свердловская область"}},
{"type":"Feature","geometry":{"type":"Polygon","coordinates":[[[84.263,60.863],[85.697,61.284],[85.641,61.367],[85.961,61.545],[85.493,61.617],[85.097,61.752],[84.678,61.808],[84.519,61.928],[84.441,62.196],[84.239,62.381],[83.999,62.415],[83.814,62.57],[83.324,62.458],[83.023,62.526],[82.762,62.749],[82.159,62.813],[81.841,62.696],[81.391,62.817],[80.922,63.157],[80.093,62.818],[79.843,62.609],[78.739,62.602],[78.093,62.464],[77.87,62.576],[77.137,62.811],[77.025,62.972],[76.667,63.035],[76.34,62.951],[75.893,63.106],[75.313,63.097],[74.942,63.025],[74.524,63.036],[74.253,63.173],[73.498,63.188],[73.054,63.427],[72.663,63.282],[72.128,63.297],[71.645,63.193],[71.456,63.683],[70.923,63.703],[70.559,64.015],[70.664,64.239],[70.294,64.344],[69.889,64.322],[69.397,64.387],[69.28,64.476],[68.858,64.439],[68.915,64.226],[68.449,64.288],[67.836,64.048],[66.867,64.203],[66.99,64.452],[66.709,64.554],[66.198,64.591],[65.376,64.555],[65.179,64.468],[64.604,64.443],[63.611,64.271],[63.478,64.456],[62.913,64.468],[62.558,64.559],[62.812,64.736],[62.695,64.873],[62.872,65.291],[62.454,65.339],[62.265,65.632],[62,65.718],[61.627,65.562],[60.948,65.015],[60.61,64.921],[60.417,65.066],[60.034,65.028],[59.676,64.801],[59.507,64.49],[59.56,64.248],[59.837,64.087],[59.561,63.909],[59.366,63.266],[59.204,63.028],[59.448,62.918],[59.443,62.566],[59.613,62.366],[59.4,62.157],[59.487,61.946],[59.973,61.883],[59.993,61.718],[60.515,61.736],[61.229,61.654],[62.484,61.261],[62.825,61.001],[62.76,60.853],[62.867,60.654],[63.226,60.294],[63.606,60.102],[63.795,59.817],[63.874,59.461],[64.02,59.382],[64.487,59.377],[65.074,59.31],[65.238,59.205],[65.372,58.9],[65.656,58.658],[65.95,58.615],[66.291,58.595],[66.785,58.657],[66.772,58.923],[67.052,58.932],[67.613,59.105],[67.794,59.21],[68.104,59.211],[68.403,59.306],[68.573,59.588],[68.729,59.568],[69.309,59.77],[69.072,59.905],[69.268,59.99],[69.651,59.91],[70.134,59.95],[70.396,59.839],[70.743,59.885],[71.258,59.789],[72.025,59.552],[72.442,59.3],[72.553,59.139],[72.911,59.154],[73.1,58.952],[73.5,58.825],[73.719,58.856],[74.175,58.726],[74.793,58.729],[75.131,58.664],[75.635,58.912],[75.728,59.015],[75.64,59.212],[75.841,59.28],[76.177,59.53],[76.665,59.571],[76.866,60.271],[76.829,60.467],[77.108,60.858],[77.704,60.82],[77.97,60.741],[78.7,60.825],[79.308,60.794],[79.399,60.636],[80.201,60.675],[80.705,60.803],[81.052,60.756],[81.104,60.642],[81.459,60.607],[81.88,60.64],[82.167,60.516],[82.376,60.707],[83.157,61.027],[83.477,61.036],[83.95,60.836],[84.263,60.863]]]},"properties":{"name":"Ханты-Мансийский автономный округ - Югра"}},
{"type":"Feature","geometry":{"type":"MultiPolygon","coordinates":[[[[163.265,64.693],[163.267,64.797],[163.609,64.923],[163.908,64.848],[164.27,64.927],[164.797,64.768],[165.024,64.838],[166.041,64.549],[166.635,64.521],[167.248,64.603],[167.384,64.479],[168.038,64.265],[168.563,64.289],[169.102,63.941],[169.387,63.94],[169.642,63.654],[168.827,63.305],[168.466,63.083],[168.922,62.944],[169.109,62.98],[169.852,62.656],[170.235,62.292],[170.837,62.251],[171.148,62.335],[171.472,62.304],[172.208,62.465],[173.07,62.383],[173.672,62.547],[174.159,62.424],[174.059,62.266],[174.193,62.073],[174.452,62.024],[174.475,61.808],[175.211,62.007],[175.758,62.204],[176.276,62.291],[176.949,62.517],[177.619,62.56],[178.099,62.528],[179.027,62.338],[179.364,62.477],[179.632,62.688],[179.581,62.82],[179.288,63.009],[179.452,63.116],[179.007,63.329],[178.825,63.536],[178.685,63.974],[178.333,64.324],[177.98,64.203],[177.486,64.409],[177.54,64.733],[177.092,64.706],[176.725,64.594],[176.468,64.662],[176.675,64.854],[177.172,64.765],[177.291,64.916],[177.679,64.696],[178.392,64.638],[179.512,64.796],[180,65.038],[180,65.312],[180,65.361],[180,66.094],[180,67.5],[180,68.906],[180,68.978],[179.388,69.236],[178.761,69.405],[177.963,69.475],[177.505,69.587],[176.453,69.731],[176.135,69.871],[175.114,69.837],[173.888,69.846],[173.489,69.933],[173.226,69.764],[172.791,69.918],[170.945,70.087],[170.583,70.035],[170.605,69.764],[170.215,69.68],[170.681,69.54],[171.021,69.046],[170.422,68.825],[169.743,68.766],[169.456,68.815],[169.39,69.053],[168.716,69.198],[168.348,69.205],[168.168,69.679],[169.183,69.554],[169.399,69.865],[168.518,70.02],[167.945,69.92],[167.608,69.711],[166.979,69.481],[165.807,69.57],[164.555,69.584],[164.017,69.754],[163.784,69.677],[163.201,69.699],[162.469,69.655],[162.325,69.529],[162.772,69.181],[162.532,69.106],[162.592,68.778],[162.752,68.584],[162.394,68.275],[161.985,68.359],[161.45,68.378],[161.029,68.284],[160.073,68.267],[158.98,68.124],[158.372,68.076],[158.104,67.914],[158.361,67.734],[157.81,67.675],[157.908,67.42],[157.811,67.308],[158.712,67.038],[158.935,66.769],[158.711,66.689],[158.504,66.463],[158.543,66.335],[159.26,66.164],[158.9,65.817],[158.952,65.727],[160.093,65.502],[160.502,65.178],[161.037,65.178],[161.718,65.003],[161.799,64.84],[162.752,64.662],[163.265,64.693]]],[[[-180,65.037],[-179.537,65.239],[-179.274,65.63],[-179.655,65.758],[-179.75,66.097],[-178.959,66.159],[-178.506,66.115],[-178.821,65.94],[-178.484,65.542],[-178.253,65.448],[-177.634,65.442],[-176.946,65.603],[-175.919,65.412],[-175.742,65.156],[-175.892,65.001],[-175.453,64.8],[-174.927,64.787],[-174.039,64.53],[-173.992,64.416],[-173.107,64.241],[-172.33,64.453],[-172.894,64.616],[-172.76,64.833],[-172.256,64.969],[-172.088,65.096],[-172.212,65.333],[-172.091,65.475],[-171.284,65.527],[-170.501,65.652],[-170.534,65.852],[-170.158,66.006],[-169.652,66.079],[-170.112,66.207],[-171.355,66.673],[-171.716,66.951],[-172.057,66.951],[-173.412,67.079],[-174.051,66.974],[-173.942,66.66],[-174.025,66.471],[-174.921,66.645],[-174.701,66.771],[-174.853,66.978],[-174.787,67.364],[-175.237,67.553],[-175.257,67.655],[-177.578,68.299],[-178.413,68.569],[-178.881,68.766],[-179.484,68.923],[-180,68.978],[-180,67.651],[-180,66.094],[-180,65.36],[-180,65.312],[-180,65.037]]],[[[180,71.532],[178.906,71.22],[178.628,71.072],[178.789,70.8],[179.492,70.853],[180,70.976],[180,71.532]]],[[[-179.556,71.59],[-180,71.527],[-180,70.976],[-179.463,70.885],[-177.906,71.024],[-177.433,71.225],[-178.255,71.527],[-179.077,71.601],[-179.556,71.59]]]]},"properties":{"name":"Чукотский автономный округ"}},
{"type":"Feature","geometry":{"type":"Polygon","coordinates":[[[75.131,58.664],[74.793,58.729],[74.175,58.726],[73.719,58.856],[73.5,58.825],[73.1,58.952],[72.911,59.154],[72.553,59.139],[72.442,59.3],[72.025,59.552],[71.258,59.789],[70.743,59.885],[70.396,59.839],[70.134,59.95],[69.651,59.91],[69.268,59.99],[69.072,59.905],[69.309,59.77],[68.729,59.568],[68.573,59.588],[68.403,59.306],[68.104,59.211],[67.794,59.21],[67.613,59.105],[67.052,58.932],[66.772,58.923],[66.785,58.657],[66.291,58.595],[65.95,58.615],[66,58.249],[66.185,58.011],[65.534,57.762],[65.407,57.826],[64.833,57.648],[64.937,57.555],[64.827,57.293],[65.005,57.234],[64.982,57.068],[65.253,56.921],[65.17,56.764],[64.927,56.772],[65.122,56.308],[65.683,56.27],[65.842,56.069],[66.161,56.069],[66.452,55.96],[67.278,55.939],[67.404,55.728],[67.794,55.729],[68.714,55.348],[68.935,55.44],[69.455,55.342],[69.684,55.351],[70.229,55.147],[70.461,55.28],[70.44,55.408],[70.757,55.585],[70.532,55.694],[70.809,55.903],[70.928,56.317],[71.121,56.653],[71.37,56.632],[71.677,56.765],[71.605,56.933],[71.116,57.202],[70.459,57.282],[70.418,57.415],[70.686,57.516],[70.392,57.782],[70.43,57.952],[70.853,58.529],[71.053,58.511],[71.238,58.328],[71.214,58.054],[71.99,58.116],[72.167,58.015],[72.868,58.001],[73.128,58.155],[74.22,58.136],[74.629,58.288],[75.108,58.576],[75.131,58.664]]]},"properties":{"name":"Тюменская область"}},
{"type":"Feature","geometry":{"type":"Polygon","coordinates":[[[38.318,56.659],[38.274,56.532],[38.446,56.387],[38.576,55.999],[39.403,55.786],[39.886,55.761],[40.168,55.527],[40.191,55.365],[40.613,55.218],[41.295,55.233],[41.443,55.145],[41.796,55.104],[42.017,55.377],[42.065,55.587],[42.872,56.138],[42.614,56.407],[41.949,56.482],[40.918,56.503],[40.491,56.584],[40.226,56.44],[39.869,56.625],[39.901,56.77],[39.402,56.771],[39.273,56.537],[38.318,56.659]]]},"properties":{"name":"Владимирская область"}},
{"type":"Feature","geometry":{"type":"Polygon","coordinates":[[[37.045,55.142],[37.272,54.84],[37.563,54.742],[37.938,54.85],[38.377,54.527],[38.666,54.257],[38.827,54.606],[39.226,54.636],[39.518,54.984],[39.804,55.005],[39.838,55.205],[40.155,55.264],[40.191,55.365],[40.168,55.527],[39.886,55.761],[39.403,55.786],[38.576,55.999],[38.446,56.387],[38.274,56.532],[38.318,56.659],[38.244,56.793],[37.758,56.95],[37.483,56.788],[37.167,56.78],[37.098,56.541],[36.813,56.579],[36.542,56.474],[36.012,56.378],[35.434,56.459],[35.502,56.259],[35.148,55.958],[35.331,55.793],[35.334,55.272],[35.741,55.296],[36.115,55.185],[36.417,55.304],[36.937,55.241],[36.816,55.508],[37.417,55.681],[37.409,55.881],[37.703,55.893],[37.887,55.705],[37.467,55.413],[37.405,55.251],[37.045,55.142]]]},"properties":{"name":"Московская область"}},
{"type":"Feature","geometry":{"type":"Polygon","coordinates":[[[41.401,50.203],[41.617,49.96],[41.878,49.907],[42.184,49.676],[42.081,49.513],[42.021,49.134],[42.34,49.139],[42.418,49.003],[42.683,48.936],[42.704,48.587],[42.317,48.516],[42.086,48.416],[42.181,48.277],[42.046,48.027],[42.525,48.019],[42.72,47.876],[42.926,47.519],[43.315,47.448],[43.711,47.474],[43.715,47.718],[43.946,47.753],[44.083,47.899],[44.355,47.854],[44.326,48.239],[44.544,48.188],[44.542,48.05],[44.81,48.051],[44.959,48.271],[45.014,48.425],[45.716,48.649],[46.06,48.905],[46.329,48.863],[46.627,48.679],[46.779,48.952],[47.029,49.088],[46.992,49.235],[46.78,49.338],[46.902,49.863],[47.182,49.935],[47.353,50.094],[47.257,50.192],[47.431,50.377],[47.205,50.509],[46.911,50.49],[46.857,50.641],[46.568,50.69],[46.455,50.556],[46.067,50.532],[46.034,50.665],[45.744,50.757],[45.706,50.582],[45.193,50.586],[45.326,50.861],[45.189,51.044],[44.994,51.147],[44.499,51.205],[43.916,51.161],[43.357,50.999],[42.881,51.233],[42.596,51.153],[42.087,51.148],[41.928,51.194],[41.751,51.006],[41.472,50.95],[41.348,50.71],[41.522,50.362],[41.401,50.203]]]},"properties":{"name":"Волгоградская область"}},
{"type":"Feature","geometry":{"type":"Polygon","coordinates":[[[50.768,51.774],[50.892,51.688],[51.258,51.691],[51.435,51.477],[51.658,51.504],[51.863,51.674],[52.09,51.659],[52.334,51.743],[52.596,51.454],[53.351,51.511],[53.628,51.392],[53.724,51.214],[54.124,51.114],[54.295,50.902],[54.533,50.852],[54.415,50.621],[54.719,50.608],[54.6,51.031],[55.127,50.874],[55.376,50.654],[55.712,50.558],[56.145,50.757],[56.704,51.078],[57.15,51.086],[57.333,50.945],[57.75,50.944],[57.955,51.089],[58.322,51.163],[58.621,51.025],[58.66,50.811],[58.874,50.703],[59.422,50.641],[59.517,50.533],[59.774,50.544],[59.99,50.683],[60.812,50.656],[61.449,50.806],[61.572,51.238],[61.497,51.411],[61.019,51.468],[60.93,51.614],[60.539,51.617],[60.519,51.776],[60.01,51.994],[59.968,52.152],[60.174,52.26],[60.163,52.4],[59.678,52.409],[59.249,52.477],[59.166,52.277],[58.855,52.426],[58.945,52.34],[58.617,52.137],[58.656,51.893],[58.575,51.772],[58.188,51.733],[57.912,51.836],[57.611,51.785],[57.161,51.576],[56.997,51.721],[56.771,51.667],[56.611,51.827],[56.705,52.06],[56.487,52.169],[56.432,52.428],[56.148,52.632],[55.848,52.47],[55.5,52.462],[55.367,52.683],[55.14,52.814],[54.927,53.211],[54.552,53.263],[54.548,53.355],[54.075,53.442],[53.851,53.684],[53.645,53.754],[53.501,54.056],[53.084,54.092],[52.922,54.269],[52.568,54.34],[52.311,54.177],[52.479,54.071],[52.189,53.556],[52.162,53.088],[51.914,52.971],[51.72,52.652],[51.384,52.358],[51.391,52.069],[50.768,51.774]]]},"properties":{"name":"Оренбургская область"}},
{"type":"Feature","geometry":{"type":"Polygon","coordinates":[[[52.568,54.34],[52.502,54.459],[51.942,54.442],[51.938,54.517],[51.228,54.632],[51.008,54.549],[50.954,54.392],[50.521,54.325],[50.387,54.485],[50.092,54.507],[50.239,54.296],[50.182,54.024],[49.703,53.83],[48.995,53.872],[48.995,53.707],[48.569,53.732],[48.37,53.474],[48.036,53.471],[47.937,53.362],[48.36,52.957],[48.429,52.814],[48.349,52.663],[48.693,52.639],[48.912,52.468],[49.171,52.5],[49.52,52.396],[49.798,52.172],[49.986,52.172],[50.352,51.982],[50.702,51.933],[50.768,51.774],[51.391,52.069],[51.384,52.358],[51.72,52.652],[51.914,52.971],[52.162,53.088],[52.189,53.556],[52.479,54.071],[52.311,54.177],[52.568,54.34]]]},"properties":{"name":"Самарская область"}},
{"type":"Feature","geometry":{"type":"Polygon","coordinates":[[[44.959,48.271],[45.539,48],[46.015,47.56],[46.267,47.42],[46.537,47.403],[46.74,47.073],[46.962,46.974],[46.958,46.718],[46.866,46.619],[46.966,46.446],[46.663,46.441],[46.45,46.172],[46.461,45.972],[46.288,45.919],[46.501,45.68],[46.814,45.568],[46.97,45.622],[47.518,45.657],[47.835,45.544],[48.269,45.698],[48.681,45.603],[48.81,45.895],[49.152,46.019],[49.326,46.137],[49.318,46.275],[49.154,46.385],[48.563,46.56],[48.75,46.687],[49.018,46.763],[48.446,47.419],[48.117,47.75],[47.671,47.756],[47.415,47.832],[47.195,47.761],[47.052,47.99],[47.125,48.27],[46.492,48.437],[46.627,48.679],[46.329,48.863],[46.06,48.905],[45.716,48.649],[45.014,48.425],[44.959,48.271]]]},"properties":{"name":"Астраханская область"}},
{"type":"Feature","geometry":{"type":"Polygon","coordinates":[[[38.684,44.951],[39.091,44.817],[39.556,44.807],[39.885,45.023],[40.029,44.747],[39.896,44.662],[39.865,44.184],[39.778,43.962],[40.366,43.773],[40.477,43.959],[40.36,44.247],[40.483,44.315],[40.34,44.627],[40.528,44.933],[40.281,45.104],[39.9,45.097],[39.544,45.187],[39.376,45.057],[39.076,44.979],[38.898,45.054],[38.684,44.951]]]},"properties":{"name":"Адыгея"}},
{"type":"Feature","geometry":{"type":"Polygon","coordinates":[[[45.705,44.977],[46.505,44.934],[46.895,44.812],[47.069,44.839],[47.277,45.241],[47.525,45.516],[47.537,45.618],[47.518,45.657],[46.97,45.622],[46.814,45.568],[46.501,45.68],[46.288,45.919],[46.461,45.972],[46.45,46.172],[46.663,46.441],[46.966,46.446],[46.866,46.619],[46.958,46.718],[46.962,46.974],[46.74,47.073],[46.537,47.403],[46.267,47.42],[46.015,47.56],[45.539,48],[44.959,48.271],[44.81,48.051],[44.542,48.05],[44.544,48.188],[44.326,48.239],[44.355,47.854],[44.083,47.899],[43.946,47.753],[43.715,47.718],[43.711,47.474],[43.964,47.4],[44.311,47.479],[44.319,47.141],[44.256,46.899],[43.915,46.715],[43.895,46.3],[43.746,46.363],[43.623,46.178],[43.333,46.169],[42.932,46.447],[42.598,46.384],[42.397,46.511],[42.045,46.534],[42.101,46.374],[41.714,45.982],[42.32,45.968],[42.555,46.006],[42.914,46.236],[43.47,45.989],[43.918,45.945],[44.181,45.635],[44.319,45.551],[45.194,45.284],[45.586,45.121],[45.705,44.977]]]},"properties":{"name":"Республика Калмыкия"}},
{"type":"Feature","geometry":{"type":"Polygon","coordinates":[[[41.737,44.473],[41.59,44.516],[41.56,44.738],[41.654,44.986],[41.456,44.988],[41.354,45.223],[41.036,45.225],[40.98,45.422],[40.846,45.517],[40.848,45.694],[41.167,45.674],[41.161,45.952],[40.926,46.23],[40.744,46.286],[40.324,46.283],[40.221,46.538],[40.064,46.534],[40.063,46.772],[39.263,46.794],[39.209,46.621],[38.902,46.635],[38.896,46.826],[38.686,46.871],[38.442,46.846],[38.046,46.642],[37.75,46.666],[37.887,46.433],[38.097,46.397],[38.283,46.27],[38.245,46.16],[37.988,46.043],[37.838,45.761],[37.649,45.686],[37.597,45.453],[37.326,45.33],[37.101,45.359],[36.621,45.211],[37.26,44.975],[37.381,44.757],[37.548,44.676],[37.931,44.645],[38.221,44.412],[38.793,44.28],[38.998,44.162],[39.461,43.789],[40.008,43.385],[40.091,43.556],[40.242,43.587],[40.714,43.533],[40.723,43.795],[40.803,43.918],[41.085,44.095],[41.48,44.001],[41.699,44.171],[41.634,44.378],[41.737,44.473]],[[38.684,44.951],[38.898,45.054],[39.076,44.979],[39.376,45.057],[39.544,45.187],[39.9,45.097],[40.281,45.104],[40.528,44.933],[40.34,44.627],[40.483,44.315],[40.36,44.247],[40.477,43.959],[40.366,43.773],[39.778,43.962],[39.865,44.184],[39.896,44.662],[40.029,44.747],[39.885,45.023],[39.556,44.807],[39.091,44.817],[38.684,44.951]]]},"properties":{"name":"Краснодарский край"}},
{"type":"Feature","geometry":{"type":"Polygon","coordinates":[[[40.135,49.617],[40.139,49.596],[40.17,49.569],[40.042,49.499],[40.186,49.281],[39.781,48.937],[39.852,48.891],[40.061,48.909],[40.072,48.874],[39.948,48.796],[39.882,48.822],[39.828,48.831],[39.805,48.844],[39.792,48.828],[39.78,48.807],[39.779,48.785],[39.751,48.773],[39.726,48.752],[39.704,48.721],[39.72,48.698],[39.702,48.67],[39.694,48.637],[39.661,48.608],[39.676,48.594],[39.702,48.588],[39.747,48.591],[39.792,48.593],[39.841,48.573],[39.855,48.538],[39.867,48.509],[39.853,48.466],[39.897,48.448],[39.912,48.42],[39.907,48.39],[39.932,48.363],[39.919,48.347],[39.886,48.335],[39.84,48.329],[39.942,48.229],[39.816,47.968],[39.794,47.919],[39.791,47.869],[39.763,47.871],[39.757,47.847],[39.738,47.828],[39.652,47.833],[39.622,47.836],[39.565,47.836],[39.517,47.829],[39.387,47.871],[39.074,47.869],[38.955,47.87],[38.876,47.867],[38.835,47.862],[38.824,47.836],[38.789,47.816],[38.789,47.738],[38.616,47.644],[38.35,47.617],[38.285,47.544],[38.334,47.269],[38.229,47.123],[38.865,47.174],[39.197,47.284],[39.248,47.092],[38.686,46.871],[38.896,46.826],[38.902,46.635],[39.209,46.621],[39.263,46.794],[40.063,46.772],[40.064,46.534],[40.221,46.538],[40.324,46.283],[40.744,46.286],[40.926,46.23],[41.161,45.952],[41.714,45.982],[42.101,46.374],[42.045,46.534],[42.397,46.511],[42.598,46.384],[42.932,46.447],[43.333,46.169],[43.623,46.178],[43.746,46.363],[43.895,46.3],[43.915,46.715],[44.256,46.899],[44.319,47.141],[44.311,47.479],[43.964,47.4],[43.711,47.474],[43.315,47.448],[42.926,47.519],[42.72,47.876],[42.525,48.019],[42.046,48.027],[42.181,48.277],[42.086,48.416],[42.317,48.516],[42.704,48.587],[42.683,48.936],[42.418,49.003],[42.34,49.139],[42.021,49.134],[42.081,49.513],[42.184,49.676],[41.878,49.907],[41.617,49.96],[41.401,50.203],[41.298,50.021],[41.082,49.943],[40.922,49.701],[40.637,49.673],[40.549,49.581],[40.178,49.609],[40.135,49.617]]]},"properties":{"name":"Ростовская область"}},
{"type":"Feature","geometry":{"type":"Polygon","coordinates":[[[33.146,66.555],[33.261,66.659],[32.533,66.879],[32.61,67.12],[33.166,66.822],[33.521,66.713],[34.377,66.655],[34.458,66.542],[34.905,66.594],[35.554,66.384],[36.518,66.276],[37.169,66.238],[37.561,66.136],[38.274,66.058],[39.105,66.102],[39.997,66.254],[40.558,66.451],[41.221,66.829],[41.353,67.193],[41.081,67.255],[41.037,67.634],[40.657,67.801],[39.866,68.035],[39.418,68.092],[36.288,69.097],[35.375,69.229],[35.162,69.185],[34.069,69.388],[32.536,69.486],[33.086,69.641],[33.069,69.745],[32.535,69.791],[32.056,69.945],[31.686,69.705],[30.828,69.791],[30.864,69.537],[30.516,69.54],[29.573,69.319],[29.286,69.294],[29.242,69.113],[28.495,68.93],[28.801,68.869],[28.434,68.54],[28.646,68.196],[29.327,68.075],[29.659,67.803],[30.017,67.674],[29.931,67.523],[29.073,66.996],[29.061,66.853],[29.322,66.663],[31.576,66.654],[31.83,66.371],[32.343,66.345],[32.557,66.576],[33.146,66.555]]]},"properties":{"name":"Мурманская область"}},
{"type":"Feature","geometry":{"type":"Polygon","coordinates":[[[27.738,58.978],[27.357,58.787],[27.553,58.366],[27.491,58.225],[27.656,57.955],[27.352,57.519],[27.87,57.29],[27.719,57.093],[28.242,56.279],[28.294,56.066],[28.55,56.114],[28.81,55.972],[29.088,56.034],[29.446,55.959],[29.36,55.797],[29.586,55.759],[29.9,55.861],[30.275,55.862],[30.759,55.604],[30.932,55.623],[31.038,55.759],[31.483,55.719],[31.364,55.968],[31.509,56.308],[31.229,56.338],[31.043,56.468],[31.022,56.644],[30.772,56.764],[30.979,56.97],[30.676,57.004],[30.746,57.263],[30.423,57.424],[30.681,57.644],[30.452,57.688],[30.545,57.864],[30.072,57.958],[29.629,58.101],[29.892,58.31],[29.894,58.446],[29.597,58.458],[28.973,58.805],[28.374,58.878],[27.918,59.021],[27.738,58.978]]]},"properties":{"name":"Псковская область"}},
{"type":"Feature","geometry":{"type":"Polygon","coordinates":[[[29.648,59.93],[30.301,59.747],[30.576,59.73],[30.468,60.033],[29.758,60.243],[29.457,60.17],[29.922,60.146],[30.031,59.862],[29.648,59.93]]]},"properties":{"name":"Санкт-Петербург"}},
{"type":"Feature","geometry":{"type":"Polygon","coordinates":[[[29.894,58.446],[30.171,58.53],[30.122,58.745],[30.664,58.737],[30.683,58.859],[31.477,59.102],[31.552,59.369],[32.096,59.382],[32.447,59.108],[32.647,59.117],[32.847,59.349],[33.057,59.419],[33.63,59.382],[34.032,59.148],[34.284,59.178],[34.722,59.085],[34.849,59.201],[35.178,59.258],[35.441,59.426],[35.495,59.652],[35.156,60.152],[35.299,60.601],[35.176,60.77],[35.697,61.003],[35.698,61.207],[34.794,61.29],[34.242,61.237],[33.668,61.232],[33.92,61.089],[33.785,60.937],[33.331,60.899],[33.158,60.739],[32.916,60.68],[32.094,60.818],[30.385,61.12],[29.564,61.184],[29.306,61.329],[28.819,61.122],[27.775,60.533],[27.874,60.453],[28.509,60.639],[28.585,60.378],[29.148,60.16],[29.457,60.17],[29.758,60.243],[30.468,60.033],[30.576,59.73],[30.301,59.747],[29.648,59.93],[29.206,59.993],[29.061,59.865],[28.095,59.595],[28.21,59.37],[27.954,59.27],[27.738,58.978],[27.918,59.021],[28.374,58.878],[28.973,58.805],[29.597,58.458],[29.894,58.446]]]},"properties":{"name":"Ленинградская область"}},
{"type":"Feature","geometry":{"type":"Polygon","coordinates":[[[42.443,54.825],[42.389,54.79],[42.44,54.71],[42.649,54.588],[42.478,54.299],[42.35,53.854],[42.932,53.796],[43.127,53.977],[43.535,54.014],[43.924,53.874],[43.927,53.771],[44.459,53.664],[44.715,53.68],[44.608,53.881],[44.831,53.963],[45.176,53.972],[45.357,53.87],[45.814,53.976],[45.97,54.138],[46.324,54.19],[46.534,54.399],[46.442,54.761],[46.411,54.874],[46.061,55.048],[45.423,55.038],[45.018,54.705],[45.14,54.489],[44.908,54.464],[44.627,54.556],[44.068,54.649],[43.591,54.903],[43.243,54.92],[43.116,54.794],[42.434,54.794],[42.443,54.825]]]},"properties":{"name":"Республика Мордовия"}},
{"type":"Feature","geometry":{"type":"Polygon","coordinates":[[[53.501,54.056],[53.404,54.397],[53.438,54.572],[53.619,54.747],[53.319,55.162],[53.883,55.371],[53.966,55.529],[54.241,55.677],[53.88,55.887],[53.697,55.925],[53.414,55.858],[53.575,56.237],[53.307,56.25],[53.064,56.13],[52.812,56.397],[52.555,56.243],[52.847,56.187],[52.559,56.035],[51.952,55.99],[51.763,55.922],[51.417,55.96],[51.444,56.127],[51.309,56.078],[50.875,56.196],[50.631,56.338],[50.431,56.609],[50.081,56.611],[49.946,56.429],[49.569,56.503],[49.313,56.332],[49.052,56.345],[48.948,56.139],[48.406,55.826],[48.084,55.695],[47.78,55.333],[48.016,55.285],[48.108,55.146],[47.976,54.953],[47.723,54.859],[47.451,54.861],[47.291,54.674],[47.356,54.627],[47.617,54.558],[47.718,54.735],[48.249,54.718],[48.465,54.625],[48.882,54.625],[49.288,54.891],[49.581,54.615],[50.092,54.507],[50.387,54.485],[50.521,54.325],[50.954,54.392],[51.008,54.549],[51.228,54.632],[51.938,54.517],[51.942,54.442],[52.502,54.459],[52.568,54.34],[52.922,54.269],[53.084,54.092],[53.501,54.056]]]},"properties":{"name":"Татарстан"}},
{"type":"Feature","geometry":{"type":"Polygon","coordinates":[[[51.444,56.127],[51.404,56.286],[51.138,56.529],[51.483,56.799],[51.124,57.243],[51.165,57.441],[51.53,57.458],[51.832,57.571],[51.954,57.767],[51.825,57.914],[51.795,58.34],[51.965,58.453],[52.843,58.393],[53.18,58.501],[53.374,58.384],[53.786,58.456],[53.703,58.602],[53.905,58.755],[53.754,58.965],[53.903,59.087],[53.384,59.153],[53.223,59.358],[53.598,59.687],[53.686,60.001],[53.373,60.156],[52.444,60.185],[52.317,60.227],[52.065,60.308],[51.551,59.942],[51.179,60.049],[50.831,59.863],[49.989,59.778],[49.859,59.655],[49.815,59.21],[49.52,59.216],[49.569,59.392],[49.151,59.507],[49.102,59.662],[48.523,59.707],[48.492,60.195],[48.77,60.316],[48.531,60.4],[48.561,60.552],[48.42,60.837],[47.967,60.879],[47.897,61.017],[47.193,61.067],[47.072,60.844],[47.013,60.625],[46.758,60.365],[46.416,60.269],[46.378,60.129],[46.835,60.054],[46.922,59.765],[47.118,59.599],[47.049,59.369],[47.209,59.201],[47.519,59.061],[47.493,58.895],[47.077,58.757],[47.018,58.619],[46.661,58.57],[46.395,58.375],[46.345,58.062],[47.297,58.016],[47.733,57.934],[47.481,57.515],[46.902,57.516],[46.718,57.286],[46.722,56.963],[47.095,56.927],[47.261,56.807],[47.769,57.002],[48.142,56.996],[48.27,57.134],[48.581,57.172],[49.003,57.125],[49.277,57.034],[49.65,57.066],[49.768,56.874],[50.041,56.852],[50.081,56.611],[50.431,56.609],[50.631,56.338],[50.875,56.196],[51.309,56.078],[51.444,56.127]]]},"properties":{"name":"Кировская область"}},
{"type":"Feature","geometry":{"type":"Polygon","coordinates":[[[47.118,59.599],[46.409,59.619],[46.369,59.343],[46.02,59.324],[45.979,59.172],[45.34,59.216],[45.04,59.122],[44.19,59.17],[44.091,59.234],[43.421,59.291],[42.8,59.17],[42.574,59.33],[42.348,59.305],[42.035,59.43],[42.001,59.105],[41.714,59.085],[41.172,58.932],[41.23,58.741],[40.93,58.576],[41.19,58.35],[40.882,58.179],[40.638,57.864],[40.707,57.626],[40.406,57.493],[40.43,57.286],[41.057,57.344],[41.567,57.453],[41.599,57.737],[41.896,57.693],[42.124,57.559],[42.884,57.655],[42.896,57.371],[43.305,57.429],[43.468,57.591],[43.853,57.417],[44.365,57.528],[44.881,57.882],[44.869,58.077],[45.294,58.032],[46.345,58.062],[46.395,58.375],[46.661,58.57],[47.018,58.619],[47.077,58.757],[47.493,58.895],[47.519,59.061],[47.209,59.201],[47.049,59.369],[47.118,59.599]]]},"properties":{"name":"Костромская область"}},
{"type":"Feature","geometry":{"type":"Polygon","coordinates":[[[38.244,56.793],[38.243,57.117],[37.801,57.501],[37.858,57.58],[37.38,57.837],[37.605,58.077],[37.384,58.203],[37.369,58.338],[37.628,58.483],[37.414,58.583],[37.071,58.863],[36.765,58.801],[36.503,58.515],[36.182,58.512],[35.94,58.423],[35.331,58.412],[35.051,58.195],[34.721,58.09],[34.171,58.213],[33.617,58.122],[33.684,57.906],[33.593,57.728],[33.307,57.649],[33.078,57.466],[32.707,57.434],[32.583,57.321],[32.002,57.114],[31.725,57.092],[31.396,56.909],[30.979,56.97],[30.772,56.764],[31.022,56.644],[31.043,56.468],[31.229,56.338],[31.509,56.308],[31.364,55.968],[31.483,55.719],[32.035,55.766],[32.095,55.671],[32.458,55.71],[32.843,55.653],[33.533,55.774],[33.651,55.956],[33.877,56.054],[34.382,56.023],[34.539,55.931],[35.148,55.958],[35.502,56.259],[35.434,56.459],[36.012,56.378],[36.542,56.474],[36.813,56.579],[37.098,56.541],[37.167,56.78],[37.483,56.788],[37.758,56.95],[38.244,56.793]]]},"properties":{"name":"Тверская область"}},
{"type":"Feature","geometry":{"type":"Polygon","coordinates":[[[37.272,54.84],[37.143,54.569],[36.89,54.46],[36.967,54.292],[36.545,54.277],[36.115,54.109],[36.128,53.965],[35.922,53.851],[35.991,53.626],[36.784,53.296],[37.158,53.258],[37.59,53.279],[37.649,53.096],[37.866,53.012],[38.468,53.028],[38.671,53.13],[38.529,53.302],[38.764,53.358],[38.722,53.528],[38.938,53.575],[38.875,53.947],[38.683,54.089],[38.666,54.257],[38.377,54.527],[37.938,54.85],[37.563,54.742],[37.272,54.84]]]},"properties":{"name":"Тульская область"}},
{"type":"Feature","geometry":{"type":"Polygon","coordinates":[[[36.937,55.241],[36.417,55.304],[36.115,55.185],[35.741,55.296],[35.334,55.272],[34.894,54.758],[34.445,54.517],[33.987,54.58],[33.709,54.546],[33.505,54.017],[33.806,53.896],[34.228,53.839],[34.496,53.674],[34.638,53.383],[34.983,53.374],[35.141,53.279],[35.384,53.337],[35.623,53.524],[35.991,53.626],[35.922,53.851],[36.128,53.965],[36.115,54.109],[36.545,54.277],[36.967,54.292],[36.89,54.46],[37.143,54.569],[37.272,54.84],[37.045,55.142],[36.937,55.241]]]},"properties":{"name":"Калужская область"}},
{"type":"Feature","geometry":{"type":"Polygon","coordinates":[[[50.092,54.507],[49.581,54.615],[49.288,54.891],[48.882,54.625],[48.465,54.625],[48.249,54.718],[47.718,54.735],[47.617,54.558],[47.356,54.627],[47.291,54.674],[47.268,54.673],[46.892,54.644],[46.442,54.761],[46.534,54.399],[46.324,54.19],[45.97,54.138],[45.814,53.976],[46.185,53.912],[46.438,53.649],[46.456,53.513],[46.909,53.363],[46.94,52.722],[46.802,52.621],[47.206,52.547],[47.54,52.61],[47.722,52.571],[48.195,52.769],[48.429,52.814],[48.36,52.957],[47.937,53.362],[48.036,53.471],[48.37,53.474],[48.569,53.732],[48.995,53.707],[48.995,53.872],[49.703,53.83],[50.182,54.024],[50.239,54.296],[50.092,54.507]]]},"properties":{"name":"Ульяновская область"}},
{"type":"Feature","geometry":{"type":"Polygon","coordinates":[[[50.081,56.611],[50.041,56.852],[49.768,56.874],[49.65,57.066],[49.277,57.034],[49.003,57.125],[48.581,57.172],[48.27,57.134],[48.142,56.996],[47.769,57.002],[47.261,56.807],[47.095,56.927],[46.722,56.963],[45.942,56.859],[45.886,56.626],[45.662,56.461],[45.964,56.429],[45.898,56.22],[46.185,56.032],[47.392,56.324],[47.426,56.157],[47.879,56.126],[48.047,55.946],[48.406,55.826],[48.948,56.139],[49.052,56.345],[49.313,56.332],[49.569,56.503],[49.946,56.429],[50.081,56.611]]]},"properties":{"name":"Марий Эл"}},
{"type":"Feature","geometry":{"type":"Polygon","coordinates":[[[35.148,55.958],[34.539,55.931],[34.382,56.023],[33.877,56.054],[33.651,55.956],[33.533,55.774],[32.843,55.653],[32.458,55.71],[32.095,55.671],[32.035,55.766],[31.483,55.719],[31.038,55.759],[30.932,55.623],[30.831,55.334],[30.994,55.031],[30.755,54.805],[31.206,54.626],[31.314,54.249],[31.893,54.053],[31.864,53.783],[32.141,53.805],[32.355,53.722],[32.48,53.548],[32.763,53.424],[32.952,53.606],[33.299,53.817],[33.505,54.017],[33.709,54.546],[33.987,54.58],[34.445,54.517],[34.894,54.758],[35.334,55.272],[35.331,55.793],[35.148,55.958]]]},"properties":{"name":"Смоленская область"}},
{"type":"Feature","geometry":{"type":"Polygon","coordinates":[[[59.348,61.664],[58.844,61.495],[57.093,61.502],[56.653,61.524],[56.378,61.443],[56.275,61.192],[55.813,61.247],[55.731,61.092],[55.272,61.146],[54.977,60.86],[53.876,60.983],[53.826,60.835],[53.353,60.882],[53.414,61.032],[52.871,61.091],[52.806,60.938],[52.431,60.976],[52.361,60.829],[51.894,60.882],[51.772,60.58],[52.153,60.541],[52.349,60.438],[52.317,60.227],[52.444,60.185],[53.373,60.156],[53.686,60.001],[53.598,59.687],[53.223,59.358],[53.384,59.153],[53.903,59.087],[53.754,58.965],[53.905,58.755],[53.703,58.602],[53.786,58.456],[53.881,58.2],[54.136,57.958],[54.142,57.316],[54.312,57.306],[54.311,57.084],[53.885,56.663],[54.329,56.483],[54.378,56.379],[54.54,56.511],[55.022,56.324],[55.46,56.332],[55.92,56.45],[56.081,56.29],[56.407,56.404],[56.921,56.104],[57.168,56.162],[57.406,56.343],[57.399,56.641],[57.229,56.856],[57.676,56.921],[58.104,57.129],[57.94,57.316],[57.986,57.555],[58.159,57.68],[58.831,57.74],[58.587,58.042],[58.925,58.281],[59.186,58.279],[59.454,58.478],[59.416,58.663],[59.154,58.718],[59.08,58.906],[59.197,59.147],[58.625,59.298],[58.363,59.465],[58.479,59.712],[58.693,59.857],[58.989,59.908],[59.218,60.443],[59.356,60.521],[59.483,60.832],[59.258,61.313],[59.369,61.393],[59.348,61.664]]]},"properties":{"name":"Пермский край"}},
{"type":"Feature","geometry":{"type":"Polygon","coordinates":[[[42.614,56.407],[42.897,56.47],[42.871,56.809],[43.251,56.895],[43.102,57.199],[43.305,57.429],[42.896,57.371],[42.884,57.655],[42.124,57.559],[41.896,57.693],[41.599,57.737],[41.567,57.453],[41.057,57.344],[40.43,57.286],[39.853,57.174],[39.621,57.06],[39.402,56.771],[39.901,56.77],[39.869,56.625],[40.226,56.44],[40.491,56.584],[40.918,56.503],[41.949,56.482],[42.614,56.407]]]},"properties":{"name":"Ивановская область"}},
{"type":"Feature","geometry":{"type":"Polygon","coordinates":[[[46.442,54.761],[46.892,54.644],[47.268,54.673],[47.291,54.674],[47.451,54.861],[47.723,54.859],[47.976,54.953],[48.108,55.146],[48.016,55.285],[47.78,55.333],[48.084,55.695],[48.406,55.826],[48.047,55.946],[47.879,56.126],[47.426,56.157],[47.392,56.324],[46.185,56.032],[45.96,55.631],[46.309,55.5],[46.061,55.048],[46.411,54.874],[46.442,54.761]]]},"properties":{"name":"Чувашия"}},
{"type":"Feature","geometry":{"type":"Polygon","coordinates":[[[44.291,43.81],[44.475,43.582],[44.098,43.267],[43.83,43.323],[43.572,42.943],[43.398,42.897],[43.779,42.758],[43.759,42.655],[43.965,42.547],[44.319,42.723],[44.678,42.756],[44.953,42.947],[44.903,43.097],[44.569,43.235],[44.503,43.588],[44.848,43.565],[44.832,43.682],[44.79,43.817],[44.291,43.81]]]},"properties":{"name":"Северная Осетия - Алания"}},
{"type":"Feature","geometry":{"type":"Polygon","coordinates":[[[33.505,54.017],[33.299,53.817],[32.952,53.606],[32.763,53.424],[32.414,53.186],[32.095,53.076],[31.831,53.11],[31.644,53.22],[31.418,53.188],[31.372,52.934],[31.587,52.794],[31.627,52.29],[31.782,52.112],[32.066,52.035],[32.316,52.121],[32.355,52.327],[32.701,52.248],[32.996,52.272],[33.17,52.373],[33.836,52.361],[34.116,52.141],[34.142,51.968],[34.386,51.843],[34.545,52.071],[34.743,52.088],[34.924,52.37],[35.016,52.709],[34.876,52.917],[35.24,52.995],[35.141,53.279],[34.983,53.374],[34.638,53.383],[34.496,53.674],[34.228,53.839],[33.806,53.896],[33.505,54.017]]]},"properties":{"name":"Брянская область"}},
{"type":"Feature","geometry":{"type":"Polygon","coordinates":[[[43.04,52.371],[43.892,52.405],[44.315,52.306],[44.401,52.429],[44.853,52.448],[45.353,52.396],[45.621,52.478],[45.961,52.397],[46.004,52.511],[46.326,52.681],[46.572,52.702],[46.802,52.621],[46.94,52.722],[46.909,53.363],[46.456,53.513],[46.438,53.649],[46.185,53.912],[45.814,53.976],[45.357,53.87],[45.176,53.972],[44.831,53.963],[44.608,53.881],[44.715,53.68],[44.459,53.664],[43.927,53.771],[43.924,53.874],[43.535,54.014],[43.127,53.977],[42.932,53.796],[42.35,53.854],[42.145,53.802],[42.11,53.515],[42.755,53.018],[42.958,52.931],[43.194,52.717],[43.058,52.559],[43.04,52.371]]]},"properties":{"name":"Пензенская область"}},
{"type":"Feature","geometry":{"type":"Polygon","coordinates":[[[38.289,51.296],[37.847,51.43],[37.703,51.358],[37.384,51.385],[36.99,51.191],[36.486,51.063],[36.065,51.159],[35.863,50.958],[35.351,50.975],[35.391,50.642],[35.627,50.352],[35.832,50.434],[36.161,50.432],[36.364,50.288],[36.693,50.269],[37.465,50.431],[37.755,50.078],[38.132,49.925],[38.434,50.001],[38.479,49.983],[38.489,49.963],[38.527,49.959],[38.583,49.977],[38.648,49.956],[38.678,49.999],[38.718,49.984],[38.848,49.864],[39.178,49.866],[39.18,49.889],[39.218,50.048],[39.047,50.277],[39.084,50.606],[38.769,50.72],[38.588,51.012],[38.388,51.077],[38.289,51.296]]]},"properties":{"name":"Белгородская область"}},
{"type":"Feature","geometry":{"type":"Polygon","coordinates":[[[40.534,51.946],[40.637,52.175],[40.513,52.355],[39.977,52.597],[40.083,52.755],[40.17,53.312],[39.754,53.585],[39.56,53.443],[39.174,53.408],[38.938,53.575],[38.722,53.528],[38.764,53.358],[38.529,53.302],[38.671,53.13],[38.468,53.028],[37.866,53.012],[37.891,52.74],[37.775,52.59],[38.057,52.297],[37.839,52.209],[37.738,52.017],[37.868,51.901],[38.293,51.966],[38.877,52.097],[39.015,51.985],[39.3,52.103],[39.484,51.978],[39.841,51.921],[40.127,51.986],[40.534,51.946]]]},"properties":{"name":"Липецкая область"}},
{"type":"Feature","geometry":{"type":"Polygon","coordinates":[[[30.979,56.97],[31.396,56.909],[31.725,57.092],[32.002,57.114],[32.583,57.321],[32.707,57.434],[33.078,57.466],[33.307,57.649],[33.593,57.728],[33.684,57.906],[33.617,58.122],[34.171,58.213],[34.721,58.09],[35.051,58.195],[35.331,58.412],[35.94,58.423],[36.182,58.512],[36.104,58.725],[35.409,58.849],[35.296,58.78],[34.722,59.085],[34.284,59.178],[34.032,59.148],[33.63,59.382],[33.057,59.419],[32.847,59.349],[32.647,59.117],[32.447,59.108],[32.096,59.382],[31.552,59.369],[31.477,59.102],[30.683,58.859],[30.664,58.737],[30.122,58.745],[30.171,58.53],[29.894,58.446],[29.892,58.31],[29.629,58.101],[30.072,57.958],[30.545,57.864],[30.452,57.688],[30.681,57.644],[30.423,57.424],[30.746,57.263],[30.676,57.004],[30.979,56.97]]]},"properties":{"name":"Новгородская область"}},
{"type":"Feature","geometry":{"type":"MultiPolygon","coordinates":[[[[44.25,66.436],[44.074,66.192],[43.718,66.186],[43.257,66.412],[42.608,66.393],[42.312,66.508],[41.522,66.121],[40.744,65.985],[40.486,65.813],[39.878,65.628],[39.722,65.339],[40.412,64.858],[40.221,64.724],[39.532,64.549],[38.898,64.736],[38.275,64.8],[37.887,64.892],[37.657,65.036],[37,65.169],[36.808,64.955],[36.437,64.903],[36.918,64.527],[37.343,64.342],[37.652,64.423],[38.075,64.004],[37.438,63.784],[37.205,63.877],[36.553,63.952],[36.59,63.748],[36.455,63.626],[35.935,63.605],[36.192,63.426],[36.307,63.151],[36.258,63.012],[36.528,62.793],[37.071,62.649],[37.369,62.678],[37.635,62.477],[37.453,62.215],[37.702,62.213],[37.944,61.973],[37.76,61.615],[37.817,61.53],[37.873,61.29],[38.124,61.161],[38.218,60.931],[38.587,60.798],[39.143,60.68],[39.759,60.741],[39.886,60.654],[40.575,60.72],[41.141,60.636],[41.342,60.688],[41.509,60.895],[42.57,60.773],[42.92,60.814],[43.524,60.766],[43.783,61.037],[44.16,60.965],[45.251,60.894],[45.338,61.195],[45.809,61.162],[45.759,61.011],[46.824,60.963],[47.072,60.844],[47.193,61.067],[47.897,61.017],[47.967,60.879],[48.42,60.837],[48.475,61.022],[49.127,61.172],[49.322,61.152],[49.502,61.605],[49.044,61.649],[49.227,62.102],[49.374,62.133],[49.641,62.769],[48.741,62.852],[48.681,62.702],[48.352,62.734],[48.256,62.506],[48.323,62.307],[47.232,62.337],[47.245,62.639],[47.061,62.826],[47.409,62.965],[47.57,63.145],[47.051,63.254],[46.943,63.349],[47.017,63.578],[46.81,63.757],[46.5,63.865],[45.943,63.957],[45.399,64.175],[45.852,64.278],[46.321,64.248],[46.63,64.317],[47.345,64.354],[48.524,64.356],[48.884,64.327],[48.961,64.478],[49.483,64.425],[49.552,64.576],[50.361,64.51],[50.499,64.792],[50.246,64.829],[49.637,65.289],[49.056,65.225],[49,66.113],[48.085,66.129],[47.749,65.906],[47.145,65.821],[46.347,66.038],[45.703,66.083],[44.59,66.298],[44.25,66.436]]],[[[52.574,71.39],[52.321,71.342],[52.974,71.032],[53.191,71.22],[52.574,71.39]]],[[[45,80.614],[45.417,80.548],[46.874,80.555],[47.483,80.738],[45,80.614]]],[[[57.087,80.156],[57.171,80.316],[55.94,80.297],[56.099,80.062],[57.087,80.156]]],[[[53.545,80.156],[53.948,80.23],[53.035,80.388],[52.692,80.154],[53.545,80.156]]],[[[57.989,80.156],[58.915,80.419],[57.01,80.45],[57.294,80.346],[57.35,80.153],[57.989,80.156]]],[[[63.165,80.943],[62.521,80.78],[63.164,80.638],[64.416,80.705],[65.385,80.913],[65.235,81.124],[64.19,81.136],[63.968,80.955],[63.165,80.943]]],[[[60.469,80.432],[61.088,80.362],[62.011,80.578],[62.218,80.766],[61.576,80.862],[59.6,80.779],[59.338,80.485],[60.469,80.432]]],[[[57.656,80.804],[56.025,81.024],[54.462,81.028],[56.057,80.804],[57.656,80.804]]],[[[47.813,80.06],[48.85,80.212],[49.666,80.478],[50.987,80.546],[51.802,80.713],[50.583,80.896],[49.805,80.907],[49.176,80.772],[49.67,80.661],[49.154,80.513],[48.373,80.549],[46.755,80.315],[48,80.233],[47.813,80.06]]],[[[59.152,74.495],[59.714,74.564],[59.909,74.708],[60.562,74.853],[60.825,75.145],[61.466,75.207],[62.057,75.431],[62.352,75.441],[64.185,75.718],[64.618,75.74],[65.965,75.973],[67.269,76.102],[68.362,76.315],[69.064,76.701],[68.729,76.879],[68.122,76.99],[67.111,76.943],[65.953,76.714],[65.565,76.557],[64.07,76.274],[63.72,76.33],[63.038,76.191],[61.174,76.277],[60.325,75.965],[59.127,75.9],[58.691,75.726],[58.092,75.662],[57.033,75.379],[56.965,75.225],[56.553,75.094],[56.143,75.127],[56.415,74.687],[55.602,74.612],[56.164,74.447],[55.377,74.41],[55.616,74.171],[54.97,74.137],[53.944,73.765],[54.351,73.423],[53.424,73.23],[52.955,72.905],[52.405,72.718],[52.801,72.644],[52.367,72.157],[51.565,72.061],[51.443,71.781],[51.62,71.536],[51.888,71.464],[52.652,71.473],[53.136,71.421],[53.876,71.079],[53.486,70.801],[54.336,70.74],[55.169,70.545],[55.61,70.635],[57.038,70.47],[57.479,70.622],[57.419,70.8],[57.046,70.852],[56.213,71.185],[55.584,71.701],[55.385,71.986],[55.575,72.173],[55.374,72.292],[55.696,72.597],[56.122,72.778],[56.715,73.253],[57.584,73.595],[58.191,74.125],[59.101,74.415],[59.152,74.495]]]]},"properties":{"name":"Архангельская область"}},
{"type":"Feature","geometry":{"type":"Polygon","coordinates":[[[41.796,55.104],[41.999,54.996],[42.405,55.005],[42.443,54.825],[42.434,54.794],[43.116,54.794],[43.243,54.92],[43.591,54.903],[44.068,54.649],[44.627,54.556],[44.908,54.464],[45.14,54.489],[45.018,54.705],[45.423,55.038],[46.061,55.048],[46.309,55.5],[45.96,55.631],[46.185,56.032],[45.898,56.22],[45.964,56.429],[45.662,56.461],[45.886,56.626],[45.942,56.859],[46.722,56.963],[46.718,57.286],[46.902,57.516],[47.481,57.515],[47.733,57.934],[47.297,58.016],[46.345,58.062],[45.294,58.032],[44.869,58.077],[44.881,57.882],[44.365,57.528],[43.853,57.417],[43.468,57.591],[43.305,57.429],[43.102,57.199],[43.251,56.895],[42.871,56.809],[42.897,56.47],[42.614,56.407],[42.872,56.138],[42.065,55.587],[42.017,55.377],[41.796,55.104]]]},"properties":{"name":"Нижегородская область"}},
{"type":"Feature","geometry":{"type":"Polygon","coordinates":[[[62.061,56.131],[62.526,55.77],[62.62,55.491],[62.32,55.414],[62.161,55.231],[62.237,55.109],[61.996,54.981],[62.112,54.798],[62.672,54.624],[63.2,54.699],[63.285,54.581],[63.172,54.308],[63.354,54.19],[64.973,54.423],[65.214,54.541],[65.85,54.698],[65.998,54.626],[66.409,54.705],[67.774,54.886],[67.819,54.971],[68.235,54.969],[68.281,55.204],[68.649,55.209],[68.714,55.348],[67.794,55.729],[67.404,55.728],[67.278,55.939],[66.452,55.96],[66.161,56.069],[65.842,56.069],[65.683,56.27],[65.122,56.308],[64.927,56.772],[64.546,56.789],[64.35,56.683],[64.179,56.461],[63.829,56.481],[63.474,56.612],[62.986,56.598],[62.603,56.491],[62.428,56.527],[62.071,56.297],[62.061,56.131]]]},"properties":{"name":"Курганская область"}},
{"type":"Feature","geometry":{"type":"Polygon","coordinates":[[[38.293,51.966],[37.868,51.901],[37.738,52.017],[37.33,52.008],[36.792,52.128],[36.496,52.232],[36.416,52.346],[35.815,52.301],[35.606,52.437],[35.083,52.334],[34.924,52.37],[34.743,52.088],[34.545,52.071],[34.386,51.843],[34.161,51.686],[34.295,51.533],[34.238,51.292],[34.662,51.247],[34.817,51.169],[35.15,51.223],[35.148,51.082],[35.351,50.975],[35.863,50.958],[36.065,51.159],[36.486,51.063],[36.99,51.191],[37.384,51.385],[37.703,51.358],[37.847,51.43],[38.289,51.296],[38.297,51.521],[38.429,51.945],[38.293,51.966]]]},"properties":{"name":"Курская область"}},
{"type":"Feature","geometry":{"type":"Polygon","coordinates":[[[107.759,49.972],[107.893,49.932],[107.968,49.655],[108.304,49.532],[108.518,49.323],[109.171,49.353],[109.684,49.226],[110.2,49.154],[110.38,49.247],[110.684,49.171],[111.668,49.38],[111.909,49.376],[112.487,49.524],[112.807,49.515],[113.044,49.608],[113.224,49.844],[113.652,50],[114.178,50.243],[114.831,50.224],[115.224,49.988],[115.746,49.886],[116.236,50.036],[116.622,49.931],[117.061,49.686],[117.471,49.627],[117.793,49.52],[118.456,49.781],[118.638,49.916],[119.105,49.997],[119.319,50.117],[119.351,50.358],[119.292,50.582],[119.497,50.762],[119.753,51.212],[119.934,51.354],[120.035,51.609],[120.477,51.885],[120.655,51.927],[120.78,52.158],[120.622,52.325],[120.717,52.526],[120.441,52.641],[120.185,52.577],[120.028,52.759],[120.357,52.94],[120.884,53.292],[121.12,53.274],[121.695,53.392],[122.112,53.431],[121.975,53.555],[121.947,53.826],[121.627,54.096],[121.779,54.175],[121.665,54.377],[122.146,54.459],[121.93,54.569],[121.88,54.803],[122,55.434],[121.899,55.62],[121.607,55.526],[121.336,55.53],[121.337,55.822],[121.194,56.041],[120.856,56.022],[120.34,55.883],[120.033,56.109],[120.466,56.295],[120.089,56.501],[119.833,56.566],[119.856,56.896],[119.573,57.076],[119.662,57.19],[119.393,57.485],[119.046,57.765],[119.164,58.031],[119.117,58.238],[118.475,58.23],[118.254,58.398],[117.672,58.406],[117.472,58.326],[117.409,57.912],[117.12,57.861],[117.14,57.665],[117.45,57.26],[117.779,57.318],[117.629,56.973],[117.403,56.845],[116.743,56.739],[116.316,56.87],[116.116,56.819],[115.73,56.962],[115.421,56.596],[115.678,56.572],[115.676,56.281],[115.765,56.177],[115.902,55.41],[116.107,55.344],[116.378,55.379],[116.473,55.229],[116.756,55.118],[116.875,54.876],[116.721,54.529],[116.189,54.512],[115.596,54.41],[115.162,54.189],[114.985,54],[114.003,53.727],[113.824,53.631],[113.827,53.418],[113.973,53.236],[114.326,53.041],[114.077,52.662],[113.488,52.469],[113.152,52.453],[112.906,52.333],[112.547,52.346],[112.511,52.249],[112.07,52.283],[111.733,51.997],[111.462,51.871],[111.015,51.791],[110.688,51.509],[110.427,51.521],[110.048,51.623],[109.597,51.453],[109.225,51.366],[109.026,51.478],[108.479,51.388],[108.561,51.121],[108.33,51],[108.069,50.739],[108.48,50.583],[108.531,50.472],[107.734,50.153],[107.759,49.972]]]},"properties":{"name":"Забайкальский край"}},
{"type":"Feature","geometry":{"type":"Polygon","coordinates":[[[84.073,50.635],[84.251,50.292],[84.621,50.213],[85.03,50.056],[84.989,49.91],[85.32,49.595],[85.593,49.62],[85.974,49.489],[86.317,49.601],[86.601,49.614],[86.822,49.545],[87.04,49.248],[87.283,49.112],[87.985,49.182],[88.169,49.297],[88.176,49.454],[88.591,49.501],[88.733,49.452],[89.201,49.523],[89.719,49.728],[89.592,49.911],[89.512,50.119],[89.344,50.264],[89.707,50.384],[89.644,50.581],[89.467,50.78],[89.056,51.046],[88.967,51.203],[89.009,51.394],[88.792,51.554],[88.703,51.393],[88.445,51.285],[87.934,51.526],[88.11,51.74],[87.891,51.813],[88.126,52.068],[88.376,52.177],[88.442,52.336],[87.892,52.538],[87.653,52.422],[87.133,52.618],[86.938,52.656],[86.646,52.496],[86.781,52.295],[86.726,52.139],[86.396,52.033],[85.919,52.106],[85.854,51.891],[85.444,51.563],[84.996,51.514],[84.387,51.266],[84.121,51.071],[84.491,50.948],[84.572,50.815],[84.474,50.687],[84.073,50.635]]]},"properties":{"name":"Алтай"}},
{"type":"Feature","geometry":{"type":"Polygon","coordinates":[[[42.145,53.802],[42.35,53.854],[42.478,54.299],[42.649,54.588],[42.44,54.71],[42.389,54.79],[42.443,54.825],[42.405,55.005],[41.999,54.996],[41.796,55.104],[41.443,55.145],[41.295,55.233],[40.613,55.218],[40.191,55.365],[40.155,55.264],[39.838,55.205],[39.804,55.005],[39.518,54.984],[39.226,54.636],[38.827,54.606],[38.666,54.257],[38.683,54.089],[38.875,53.947],[38.938,53.575],[39.174,53.408],[39.56,53.443],[39.754,53.585],[40.17,53.312],[40.369,53.341],[40.701,53.556],[41.042,53.476],[41.354,53.526],[41.37,53.744],[41.549,53.812],[42.145,53.802]]]},"properties":{"name":"Рязанская область"}},
{"type":"Feature","geometry":{"type":"MultiPolygon","coordinates":[[[[65.473,68.418],[65.275,68.235],[65.432,67.91],[65.921,67.961],[66.221,67.685],[65.846,67.668],[65.699,67.381],[65.082,67.039],[65.139,66.908],[64.553,66.797],[64.262,66.645],[63.448,66.468],[62.869,66.064],[62.8,65.858],[62,65.718],[62.265,65.632],[62.454,65.339],[62.872,65.291],[62.695,64.873],[62.812,64.736],[62.558,64.559],[62.913,64.468],[63.478,64.456],[63.611,64.271],[64.604,64.443],[65.179,64.468],[65.376,64.555],[66.198,64.591],[66.709,64.554],[66.99,64.452],[66.867,64.203],[67.836,64.048],[68.449,64.288],[68.915,64.226],[68.858,64.439],[69.28,64.476],[69.397,64.387],[69.889,64.322],[70.294,64.344],[70.664,64.239],[70.559,64.015],[70.923,63.703],[71.456,63.683],[71.645,63.193],[72.128,63.297],[72.663,63.282],[73.054,63.427],[73.498,63.188],[74.253,63.173],[74.524,63.036],[74.942,63.025],[75.313,63.097],[75.893,63.106],[76.34,62.951],[76.667,63.035],[77.025,62.972],[77.137,62.811],[77.87,62.576],[78.093,62.464],[78.739,62.602],[79.843,62.609],[80.093,62.818],[80.922,63.157],[81.391,62.817],[81.841,62.696],[82.159,62.813],[82.762,62.749],[83.023,62.526],[83.324,62.458],[83.814,62.57],[83.999,62.415],[84.239,62.381],[84.441,62.196],[84.936,62.482],[85.214,62.799],[85.62,63.034],[85.598,63.3],[85.318,63.508],[85.329,63.796],[85.482,63.914],[85.967,64.049],[86.007,64.272],[85.834,64.784],[85.528,64.852],[85.167,64.777],[84.921,64.954],[84.371,64.902],[84.288,65.104],[84.542,65.244],[84.509,65.477],[83.967,65.792],[83.269,66.049],[83.539,66.187],[83.083,66.576],[83.328,66.659],[83.145,66.83],[82.133,67.219],[82.397,67.522],[82.056,67.64],[81.724,67.893],[82.336,67.933],[82.714,68.405],[82.396,69.174],[81.844,69.195],[81.961,69.353],[81.032,69.213],[80.762,69.306],[79.662,69.429],[79.459,69.634],[79.133,69.685],[78.913,69.868],[79.507,70.112],[79.755,70.276],[80.414,70.461],[80.702,70.46],[80.584,71.043],[79.997,71.116],[79.143,71.382],[79.394,71.612],[80.139,71.664],[79.738,72.041],[79.394,72.029],[78.77,72.163],[78.499,72.367],[77.88,72.303],[78.325,72.507],[77.614,72.601],[76.966,72.366],[77.069,72.28],[77.803,72.287],[77.397,72.097],[78.08,72.078],[78.09,71.865],[77.491,71.84],[76.892,72.053],[76.356,71.998],[76.079,71.876],[76.304,71.563],[77.261,71.33],[78.312,71.229],[78.35,70.923],[77.936,70.969],[77.794,71.127],[75.848,71.223],[75.299,71.332],[75.501,71.536],[75.219,71.772],[75.56,72.22],[75.706,72.276],[75.349,72.682],[74.923,72.699],[75.073,72.26],[74.582,72.01],[73.582,71.823],[73.404,71.583],[73.043,71.375],[73.376,71.296],[73.892,70.968],[73.92,70.84],[74.289,70.624],[74.256,70.453],[73.678,70.113],[73.738,69.935],[73.535,69.742],[73.908,69.362],[73.873,69.077],[74.445,69.131],[74.737,69.075],[75.554,69.253],[76.064,69.236],[76.94,69.003],[77.619,68.899],[77.773,68.525],[78.117,68.234],[77.525,68.117],[77.466,67.756],[78.147,67.667],[78.389,67.729],[78.841,67.624],[78.308,67.53],[77.773,67.556],[77.075,67.772],[77.302,67.889],[77.206,68.105],[77.337,68.226],[77.212,68.557],[76.665,68.74],[76.563,68.973],[75.337,68.881],[74.549,68.733],[74.315,68.36],[74.792,68.029],[74.664,67.641],[74.137,67.443],[73.922,67.29],[73.876,67],[73.482,66.82],[72.827,66.624],[72.472,66.589],[72.408,66.377],[72.069,66.219],[71.18,66.352],[70.394,66.328],[69.449,66.486],[69.128,66.615],[69.499,66.731],[69.86,66.472],[70.268,66.578],[70.72,66.49],[71.591,66.641],[71.522,66.906],[72.208,67.14],[72.21,67.328],[72.563,67.604],[73.106,67.724],[73.191,67.932],[73.077,68.206],[73.586,68.508],[72.757,68.817],[72.485,69.075],[72.669,69.758],[72.409,70.24],[72.739,70.397],[72.787,70.877],[72.538,71.146],[72.047,71.285],[71.826,71.507],[72.319,71.703],[72.834,72.254],[72.693,72.591],[72.916,72.682],[71.625,72.889],[69.673,72.853],[69.399,72.944],[69.017,72.688],[68.531,71.847],[68.096,71.548],[66.933,71.27],[66.579,70.965],[66.909,70.777],[67.391,70.757],[67.334,70.442],[67.128,70.217],[67.338,69.994],[66.848,69.896],[66.808,69.704],[67.683,69.583],[68.143,69.461],[68.119,69.219],[68.609,68.928],[69.144,68.908],[68.964,68.649],[68.592,68.357],[67.788,68.454],[67.069,68.76],[67.032,68.836],[66.338,68.939],[65.084,69.26],[64.897,69.178],[64.829,69.156],[64.761,69.127],[64.735,69.12],[64.625,68.933],[65.658,68.581],[65.473,68.418]]],[[[70.104,73.005],[71.679,73.156],[71.155,73.437],[70.835,73.478],[70.012,73.379],[69.938,73.053],[70.104,73.005]]],[[[74.7,72.86],[74.68,73.089],[74.109,72.996],[74.7,72.86]]]]},"properties":{"name":"Ямало-Ненецкий автономный округ"}},
{"type":"Feature","geometry":{"type":"MultiPolygon","coordinates":[[[[88.598,56.802],[88.663,56.62],[88.593,56.431],[89.04,56.3],[89.247,56.07],[89.332,55.775],[88.914,55.66],[88.601,55.427],[89.011,55.324],[89.01,55.234],[89.372,55.043],[89.996,55.124],[90.499,55.061],[90.507,54.904],[90.946,54.848],[90.919,54.654],[91.26,54.507],[91.564,54.019],[91.427,53.862],[91.625,53.534],[91.903,53.426],[91.738,53.178],[91.419,53.089],[91.505,52.994],[91.228,52.616],[90.895,52.601],[90.487,52.196],[90.913,51.927],[91.804,51.887],[92.076,51.773],[92.891,51.844],[93.338,52.128],[93.642,52.193],[93.754,52.428],[94.103,52.686],[94.158,52.831],[94.514,52.909],[94.618,53.331],[95.213,53.468],[95.336,53.376],[95.807,53.491],[96.659,53.564],[96.689,53.646],[96.483,53.694],[96.073,53.985],[95.803,54.227],[96.065,54.574],[96.539,54.53],[96.71,54.869],[96.593,55.03],[96.679,55.254],[96.928,55.302],[96.751,55.663],[96.844,55.839],[97.132,56.113],[97.36,56.032],[97.557,56.376],[97.88,56.375],[97.803,56.775],[97.529,56.79],[97.344,57.032],[97.953,57.829],[98.848,57.728],[99.434,57.789],[99.682,58.083],[100.091,58.069],[100.081,57.945],[100.375,57.729],[100.516,57.494],[100.786,57.408],[100.97,57.483],[100.814,57.665],[101.2,58.129],[101.498,58.23],[101.806,58.455],[102.104,58.49],[102.566,58.74],[102.403,59.083],[102.498,59.186],[103.218,59.238],[103.393,59.03],[103.631,58.922],[103.9,58.921],[104.468,58.609],[104.805,58.675],[104.755,58.807],[104.921,58.959],[105.368,59.118],[104.762,59.685],[105.505,60.001],[105.465,60.252],[104.904,60.3],[104.657,60.406],[104.504,60.616],[104.609,60.724],[104.626,61.079],[105.022,61.197],[104.91,61.395],[105.973,61.714],[105.9,61.844],[106.396,62.043],[106.483,62.341],[106.773,62.639],[106.193,62.921],[106.397,63.126],[106.356,63.302],[106.727,63.41],[106.471,63.542],[106.793,63.881],[107.307,63.978],[108.214,64.01],[108.086,64.246],[107.37,64.261],[106.886,64.44],[106.256,64.447],[105.71,64.602],[105.915,64.903],[106.419,65.229],[106.545,65.381],[106.968,65.508],[106.415,65.672],[106.514,65.995],[106.106,66.197],[106.149,66.409],[106.331,66.475],[106.258,66.677],[105.699,66.925],[106.076,67.169],[106.822,67.334],[106.921,68.254],[106.906,68.859],[106.143,69.409],[107.606,69.66],[108.019,69.698],[108.249,69.854],[109.378,69.837],[109.304,70.21],[109.644,70.373],[110.063,70.398],[110.124,70.637],[111.479,70.929],[112.6,71.109],[112.469,71.277],[112.001,71.402],[112.001,72.124],[111.291,72.487],[110.719,72.678],[110.646,72.894],[110.85,73.161],[110.531,73.434],[111.283,73.609],[110.914,73.699],[109.915,73.454],[108.274,73.293],[107.801,73.156],[107.019,73.162],[105.907,73.107],[106.283,73.32],[106.797,73.319],[107.391,73.613],[108.173,73.659],[109.173,74.06],[109.876,74.187],[109.902,74.326],[111.802,74.649],[112.133,74.869],[112.755,74.938],[113.673,75.3],[113.552,75.658],[113.889,75.763],[113.285,76.255],[112.596,76.193],[112.604,76.538],[112.351,76.637],[110.796,76.716],[110.055,76.693],[109.427,76.752],[108.762,76.7],[108,76.733],[107.891,76.528],[106.623,76.488],[106.768,76.645],[107.451,76.901],[106.502,77.003],[105.363,77.195],[105.837,77.343],[105.95,77.512],[105.347,77.539],[104.092,77.717],[103.285,77.629],[102.085,77.339],[101.394,77.109],[100.931,76.859],[101.205,76.754],[101.093,76.542],[100.439,76.454],[98.872,76.455],[98.803,76.254],[98.203,76.088],[95.993,75.936],[96.419,76.12],[96.47,76.3],[95.652,76.245],[95.286,76.106],[94.339,76.128],[93.054,76.031],[93.463,75.843],[91.016,75.604],[90.192,75.597],[90.027,75.513],[88.879,75.408],[86.625,74.709],[86.164,74.778],[85.724,74.654],[86.178,74.611],[86.564,74.478],[85.904,74.335],[86.778,74.209],[86.774,73.98],[87.125,73.791],[86.794,73.892],[83.527,73.643],[82.274,73.64],[80.608,73.562],[80.562,73.069],[80.884,72.943],[80.693,72.728],[80.767,72.508],[81.199,72.356],[82.249,72.256],[82.291,72.084],[82.709,71.895],[83.414,71.819],[83.279,71.706],[82.706,71.762],[81.719,71.69],[80.848,71.984],[80.823,72.075],[79.915,72.215],[79.496,72.348],[78.499,72.367],[78.77,72.163],[79.394,72.029],[79.738,72.041],[80.139,71.664],[79.394,71.612],[79.143,71.382],[79.997,71.116],[80.584,71.043],[80.702,70.46],[80.414,70.461],[79.755,70.276],[79.507,70.112],[78.913,69.868],[79.133,69.685],[79.459,69.634],[79.662,69.429],[80.762,69.306],[81.032,69.213],[81.961,69.353],[81.844,69.195],[82.396,69.174],[82.714,68.405],[82.336,67.933],[81.724,67.893],[82.056,67.64],[82.397,67.522],[82.133,67.219],[83.145,66.83],[83.328,66.659],[83.083,66.576],[83.539,66.187],[83.269,66.049],[83.967,65.792],[84.509,65.477],[84.542,65.244],[84.288,65.104],[84.371,64.902],[84.921,64.954],[85.167,64.777],[85.528,64.852],[85.834,64.784],[86.007,64.272],[85.967,64.049],[85.482,63.914],[85.329,63.796],[85.318,63.508],[85.598,63.3],[85.62,63.034],[85.214,62.799],[84.936,62.482],[84.441,62.196],[84.519,61.928],[84.678,61.808],[85.097,61.752],[85.493,61.617],[85.961,61.545],[85.641,61.367],[85.697,61.284],[84.263,60.863],[84.791,60.352],[84.616,60.169],[84.708,59.892],[85.5,59.883],[85.998,59.947],[86.636,59.949],[87.078,59.879],[87.174,59.683],[87.514,59.664],[87.902,59.256],[88.626,59.295],[88.576,59.212],[88.829,59.023],[88.383,58.893],[87.924,58.511],[88.107,58.113],[88.687,58.036],[88.859,57.955],[89.353,57.913],[89.355,57.616],[89.13,57.615],[88.865,57.444],[88.598,56.802]]],[[[78.75,72.775],[79.574,72.751],[79.17,73.083],[78.619,72.843],[78.75,72.775]]],[[[111.323,73.852],[110.322,74.016],[109.971,73.998],[109.55,73.817],[109.67,73.674],[110.296,73.68],[110.883,73.763],[111.323,73.852]]],[[[86.671,74.746],[87.18,74.946],[86.518,74.976],[86.671,74.746]]],[[[91.406,79.689],[93.145,79.701],[93.911,79.909],[93.021,80.015],[91.254,80.027],[91.406,79.689]]],[[[99.844,79.088],[99.989,79.715],[99.477,80.01],[98.123,80.03],[97.695,80.146],[94.786,80.031],[93.672,79.611],[94.394,79.476],[94.692,79.108],[95.117,79.014],[96.976,78.975],[97.678,78.796],[99.576,78.802],[100.061,78.935],[99.844,79.088]]],[[[92.813,80.165],[93.603,80],[95.687,80.191],[97,80.205],[97.276,80.323],[97.24,80.612],[97.886,80.779],[96.874,80.89],[95.895,81.246],[94.923,81.094],[93.783,80.996],[92.639,80.691],[92.904,80.475],[92.001,80.397],[92.012,80.254],[92.813,80.165]]],[[[99.844,77.941],[101.267,78.167],[103.275,78.198],[104.968,78.326],[105.409,78.49],[105.286,78.792],[104.554,78.839],[104.03,79.128],[102.717,79.065],[103.156,79.29],[102.303,79.413],[102.001,79.235],[101.36,79.22],[100.908,78.898],[100.394,78.682],[100.025,78.298],[99.388,78.014],[99.844,77.941]]]]},"properties":{"name":"Красноярский край"}},
{"type":"Feature","geometry":{"type":"MultiPolygon","coordinates":[[[[158.543,66.335],[158.504,66.463],[158.711,66.689],[158.935,66.769],[158.712,67.038],[157.811,67.308],[157.908,67.42],[157.81,67.675],[158.361,67.734],[158.104,67.914],[158.372,68.076],[158.98,68.124],[160.073,68.267],[161.029,68.284],[161.45,68.378],[161.985,68.359],[162.394,68.275],[162.752,68.584],[162.592,68.778],[162.532,69.106],[162.772,69.181],[162.325,69.529],[162.469,69.655],[161.798,69.478],[161.657,69.582],[160.434,69.668],[159.708,69.851],[160.096,70.253],[159.939,70.471],[159.575,70.694],[158.436,70.958],[157.018,71.076],[156.113,71.077],[152.916,70.81],[152.395,70.835],[151.695,71.272],[150.72,71.452],[149.701,71.747],[150.106,71.846],[149.889,72.035],[149.199,72.214],[148.385,72.319],[147.141,72.305],[146.151,71.807],[145.473,71.66],[144.987,71.698],[145.228,71.833],[145.843,71.945],[145.928,72.152],[146.51,72.061],[146.953,72.31],[144.766,72.22],[144.782,72.401],[145.777,72.502],[144.039,72.655],[141.757,72.737],[141.311,72.845],[140.767,72.794],[141.169,72.619],[140.517,72.468],[139.602,72.489],[139.153,72.25],[140.084,72.222],[139.74,72.04],[139.849,71.466],[139.819,71.46],[139.237,71.403],[139.038,71.631],[138.106,71.575],[138.092,71.473],[137.883,71.361],[137.617,71.318],[137.132,71.418],[136.59,71.606],[135.649,71.636],[134.393,71.363],[133.665,71.441],[133.167,71.594],[132.559,71.872],[132.186,71.559],[131.743,70.962],[131.326,70.725],[130.931,70.84],[130.357,70.904],[130.163,71.062],[129.829,71.087],[129.466,71.302],[129.298,71.559],[128.952,71.58],[128.66,71.88],[128.983,72.038],[129.391,72.08],[129.539,72.315],[129.159,72.549],[129.557,72.938],[129.409,73.044],[128.484,73.345],[127.662,73.526],[126.955,73.413],[126.184,73.506],[125.204,73.528],[125.156,73.665],[124.422,73.763],[123.413,73.61],[123.266,73.397],[123.608,73.189],[123.055,72.99],[122.531,72.987],[121.054,72.924],[120.197,73.004],[119.566,73.105],[119.106,73.087],[118.402,73.228],[118.626,73.562],[117.317,73.579],[116.623,73.669],[115.657,73.709],[114.979,73.607],[114.318,73.598],[113.522,73.507],[113.162,73.873],[112.812,73.718],[111.675,73.754],[111.323,73.852],[110.883,73.763],[110.914,73.699],[111.283,73.609],[110.531,73.434],[110.85,73.161],[110.646,72.894],[110.719,72.678],[111.291,72.487],[112.001,72.124],[112.001,71.402],[112.469,71.277],[112.6,71.109],[111.479,70.929],[110.124,70.637],[110.063,70.398],[109.644,70.373],[109.304,70.21],[109.378,69.837],[108.249,69.854],[108.019,69.698],[107.606,69.66],[106.143,69.409],[106.906,68.859],[106.921,68.254],[106.822,67.334],[106.076,67.169],[105.699,66.925],[106.258,66.677],[106.331,66.475],[106.149,66.409],[106.106,66.197],[106.514,65.995],[106.415,65.672],[106.968,65.508],[106.545,65.381],[106.419,65.229],[105.915,64.903],[105.71,64.602],[106.256,64.447],[106.886,64.44],[107.37,64.261],[108.086,64.246],[108.503,64.306],[108.525,64.149],[108.762,64.017],[108.732,63.842],[108.287,63.837],[108.495,63.636],[109.189,63.53],[109.412,63.368],[109.508,62.795],[109.298,62.522],[109.911,62.437],[110.005,62.186],[109.642,61.928],[109.6,61.745],[109.87,61.549],[109.762,61.332],[110.111,61.278],[110.542,61.088],[110.258,60.822],[110.289,60.702],[109.907,60.461],[109.74,60.249],[109.663,59.876],[109.543,59.667],[109.252,59.467],[109.812,59.004],[110.475,59.046],[110.721,59.281],[111.218,59.204],[111.65,59.224],[112.079,59.393],[112.251,59.528],[112.448,59.136],[113.278,59.158],[113.486,59.285],[113.463,59.432],[113.761,59.617],[114.217,59.785],[114.53,59.984],[114.651,60.179],[114.906,60.185],[115.096,60.413],[115.697,60.549],[116.291,60.41],[116.937,60.196],[117.009,59.917],[117.224,59.874],[117.249,59.513],[117.498,59.493],[118.034,59.629],[118.761,59.428],[118.671,59.187],[118.873,58.82],[118.777,58.611],[119.131,58.488],[119.117,58.238],[119.164,58.031],[119.046,57.765],[119.393,57.485],[119.662,57.19],[119.573,57.076],[119.856,56.896],[120.329,57.021],[120.906,57.061],[121.406,56.986],[121.684,56.76],[122.164,56.746],[122.572,56.485],[122.902,56.557],[123.194,56.441],[123.921,56.388],[124.033,56.256],[124.394,56.053],[124.911,55.842],[125.253,55.908],[125.531,55.747],[125.804,55.807],[126.235,55.608],[126.966,55.7],[127.542,55.665],[128.285,55.691],[128.512,55.545],[128.957,55.494],[129.051,55.695],[129.903,55.778],[130.001,55.713],[130.625,55.762],[130.953,55.712],[130.86,55.915],[131.14,56.291],[131.222,56.521],[131.501,56.565],[131.832,56.743],[131.432,57.138],[131.606,57.428],[131.849,57.623],[132.068,57.682],[131.495,58.17],[131.986,58.159],[132.229,58.332],[132.175,58.49],[132.547,58.66],[132.588,58.892],[133.171,59.241],[133.519,59.312],[133.748,59.228],[134.001,59.263],[134.716,59.205],[135.193,59.114],[135.438,59.397],[135.826,59.526],[136.09,59.42],[136.673,59.346],[137.295,59.495],[137.632,59.751],[137.974,59.772],[138.262,60.069],[138.398,60.723],[138.207,60.857],[138.397,61.099],[138.735,61.337],[139.091,61.435],[139.554,61.474],[139.927,61.795],[139.953,61.937],[140.276,62.038],[140.312,62.342],[140.846,62.53],[141.493,62.287],[141.833,62.018],[142.145,62.076],[142.467,61.892],[142.768,61.966],[143.006,61.915],[143.136,62.104],[143.548,62.05],[143.999,61.892],[144.224,61.728],[144.516,61.845],[144.736,62.045],[145.202,62.299],[145.138,62.479],[145.437,62.531],[145.457,62.707],[145.25,63.161],[145.468,63.526],[145.676,63.674],[145.586,63.828],[146.166,63.927],[146.369,64.186],[147.402,64.13],[148.018,63.936],[148.315,64.221],[148.048,64.408],[148.328,64.528],[148.709,64.402],[149.339,64.377],[149.871,64.562],[150.234,64.213],[150.651,64.168],[150.64,64.338],[151.372,64.366],[151.975,64.489],[152.359,64.508],[152.847,64.701],[152.586,64.811],[152.519,64.977],[152.661,65.168],[153.501,65.346],[153.442,65.485],[153.532,65.81],[154.416,65.95],[154.394,66.183],[155.372,66.13],[155.748,66.161],[155.948,66.068],[156.427,66.038],[156.644,66.148],[157.214,65.896],[157.745,66.099],[158.432,66.203],[158.543,66.335]]],[[[138.035,71.491],[137.984,71.573],[137.377,71.588],[137.186,71.428],[138.035,71.491]]],[[[112.809,74.082],[113.467,74.382],[113.086,74.507],[112.02,74.539],[112.037,74.361],[111.511,74.297],[112.208,74.135],[112.809,74.082]]],[[[149.259,74.733],[150.63,74.861],[150.695,75.008],[150.142,75.204],[149.34,75.261],[148.717,75.194],[148.566,75.374],[147.619,75.441],[146.129,75.225],[147.121,75.007],[147.686,74.954],[148.109,74.795],[149.259,74.733]]],[[[140.428,75.664],[140.495,75.762],[138.843,76.201],[137.658,75.991],[137.61,75.793],[136.991,75.585],[137.298,75.471],[136.953,75.264],[137.388,75.052],[137.871,74.938],[138.176,74.757],[139.034,74.64],[139.456,74.706],[139.643,74.962],[140.189,74.805],[141.554,74.929],[141.861,74.998],[142.359,74.814],[143.472,74.888],[142.769,75.071],[142.174,75.392],[142.161,75.608],[142.639,75.731],[143.085,75.678],[142.525,75.344],[143.378,75.047],[144.388,75.048],[144.728,75.148],[144.857,75.429],[145.261,75.569],[143.585,75.852],[142.609,75.856],[141.76,76.113],[141.017,76],[141.182,75.667],[140.428,75.664]]],[[[140.068,73.354],[140.543,73.424],[141.736,73.283],[143.236,73.181],[143.543,73.231],[143.528,73.476],[142.624,73.808],[142.066,73.908],[140.933,73.781],[140.646,73.525],[140.068,73.354]]],[[[140.625,73.896],[140.981,73.981],[141.073,74.225],[140.419,74.256],[140.173,74.079],[140.625,73.896]]]]},"properties":{"name":"Республика Саха (Якутия)"}},
{"type":"Feature","geometry":{"type":"Polygon","coordinates":[[[45.487,44.01],[46.446,43.878],[46.655,43.794],[46.455,43.663],[46.325,43.451],[46.422,43.298],[46.385,43.148],[46.524,43.042],[46.391,42.854],[45.773,42.489],[45.752,42.308],[45.609,42.234],[45.954,42.024],[46.399,41.941],[46.725,41.826],[47.173,41.526],[47.27,41.335],[47.738,41.188],[47.872,41.215],[48.044,41.477],[48.388,41.602],[48.587,41.845],[48.348,41.977],[48.111,42.318],[47.722,42.7],[47.711,42.832],[47.462,43.03],[47.486,43.401],[47.332,43.607],[47.483,43.768],[47.239,44.202],[47.002,44.365],[46.775,44.37],[46.68,44.468],[46.707,44.669],[46.895,44.812],[46.505,44.934],[45.705,44.977],[45.656,44.804],[45.227,44.468],[45.504,44.176],[45.487,44.01]]]},"properties":{"name":"Дагестан"}},
{"type":"Feature","geometry":{"type":"Polygon","coordinates":[[[75.108,58.576],[74.629,58.288],[74.22,58.136],[73.128,58.155],[72.868,58.001],[72.167,58.015],[71.99,58.116],[71.214,58.054],[71.238,58.328],[71.053,58.511],[70.853,58.529],[70.43,57.952],[70.392,57.782],[70.686,57.516],[70.418,57.415],[70.459,57.282],[71.116,57.202],[71.605,56.933],[71.677,56.765],[71.37,56.632],[71.121,56.653],[70.928,56.317],[70.809,55.903],[70.532,55.694],[70.757,55.585],[70.44,55.408],[70.461,55.28],[70.804,55.269],[70.992,55.067],[70.96,54.886],[71.172,54.573],[71.227,54.349],[70.998,54.334],[71.176,54.092],[71.723,54.104],[71.756,54.252],[72.995,54.098],[73.067,53.986],[73.51,53.938],[73.343,53.788],[73.249,53.565],[73.445,53.437],[73.908,53.65],[74.482,53.562],[74.795,53.825],[75.056,53.798],[75.688,54.123],[75.691,54.546],[75.825,54.666],[75.639,54.81],[75.332,54.911],[75.368,55.068],[75.162,55.447],[75.115,55.686],[75.262,55.844],[75.732,56.113],[76.307,56.157],[75.962,56.507],[76.289,56.697],[76.095,57.236],[75.848,57.386],[75.704,57.625],[75.55,57.625],[75.566,57.935],[75.071,58.117],[75.242,58.203],[75.057,58.339],[75.377,58.454],[75.108,58.576]]]},"properties":{"name":"Омская область"}},
{"type":"Feature","geometry":{"type":"Polygon","coordinates":[[[49,66.113],[49.056,65.225],[49.637,65.289],[50.246,64.829],[50.499,64.792],[50.361,64.51],[49.552,64.576],[49.483,64.425],[48.961,64.478],[48.884,64.327],[48.524,64.356],[47.345,64.354],[46.63,64.317],[46.321,64.248],[45.852,64.278],[45.399,64.175],[45.943,63.957],[46.5,63.865],[46.81,63.757],[47.017,63.578],[46.943,63.349],[47.051,63.254],[47.57,63.145],[47.409,62.965],[47.061,62.826],[47.245,62.639],[47.232,62.337],[48.323,62.307],[48.256,62.506],[48.352,62.734],[48.681,62.702],[48.741,62.852],[49.641,62.769],[49.374,62.133],[49.227,62.102],[49.044,61.649],[49.502,61.605],[49.322,61.152],[49.127,61.172],[48.475,61.022],[48.42,60.837],[48.561,60.552],[48.531,60.4],[48.77,60.316],[48.492,60.195],[48.523,59.707],[49.102,59.662],[49.151,59.507],[49.569,59.392],[49.52,59.216],[49.815,59.21],[49.859,59.655],[49.989,59.778],[50.831,59.863],[51.179,60.049],[51.551,59.942],[52.065,60.308],[52.317,60.227],[52.349,60.438],[52.153,60.541],[51.772,60.58],[51.894,60.882],[52.361,60.829],[52.431,60.976],[52.806,60.938],[52.871,61.091],[53.414,61.032],[53.353,60.882],[53.826,60.835],[53.876,60.983],[54.977,60.86],[55.272,61.146],[55.731,61.092],[55.813,61.247],[56.275,61.192],[56.378,61.443],[56.653,61.524],[57.093,61.502],[58.844,61.495],[59.348,61.664],[59.328,61.842],[59.487,61.946],[59.4,62.157],[59.613,62.366],[59.443,62.566],[59.448,62.918],[59.204,63.028],[59.366,63.266],[59.561,63.909],[59.837,64.087],[59.56,64.248],[59.507,64.49],[59.676,64.801],[60.034,65.028],[60.417,65.066],[60.61,64.921],[60.948,65.015],[61.627,65.562],[62,65.718],[62.8,65.858],[62.869,66.064],[63.448,66.468],[64.262,66.645],[64.553,66.797],[65.139,66.908],[65.082,67.039],[65.699,67.381],[65.846,67.668],[66.221,67.685],[65.921,67.961],[65.432,67.91],[65.275,68.235],[65.473,68.418],[64.816,68.41],[64.582,68.2],[63.866,68.033],[63.921,67.845],[63.426,67.769],[62.943,67.605],[62.864,67.37],[61.729,67.096],[61.644,67.003],[59.974,67],[57.068,67],[53.875,67],[52.149,67.099],[51.546,66.88],[51.545,66.774],[49,66.113]]]},"properties":{"name":"Республика Коми"}},
{"type":"Feature","geometry":{"type":"Polygon","coordinates":[[[44.832,43.682],[44.848,43.565],[45.067,43.509],[45.243,42.89],[45.087,42.712],[45.353,42.522],[45.572,42.549],[45.773,42.489],[46.391,42.854],[46.524,43.042],[46.385,43.148],[46.422,43.298],[46.325,43.451],[46.455,43.663],[46.655,43.794],[46.446,43.878],[45.487,44.01],[45.438,43.876],[45.2,43.876],[45.063,43.719],[44.832,43.682]]]},"properties":{"name":"Чеченская республика"}},
{"type":"Feature","geometry":{"type":"Polygon","coordinates":[[[42.414,43.257],[42.664,43.14],[42.86,43.179],[43.185,42.939],[43.398,42.897],[43.572,42.943],[43.83,43.323],[44.098,43.267],[44.475,43.582],[44.291,43.81],[44.271,43.917],[43.92,44.018],[43.743,43.821],[43.474,43.866],[43.318,43.8],[43.148,43.895],[42.855,43.802],[42.678,43.81],[42.456,43.621],[42.414,43.257]]]},"properties":{"name":"Кабардино-Балкарская республика"}},
{"type":"Feature","geometry":{"type":"Polygon","coordinates":[[[42.881,51.233],[43.357,50.999],[43.916,51.161],[44.499,51.205],[44.994,51.147],[45.189,51.044],[45.326,50.861],[45.193,50.586],[45.706,50.582],[45.744,50.757],[46.034,50.665],[46.067,50.532],[46.455,50.556],[46.568,50.69],[46.857,50.641],[46.911,50.49],[47.205,50.509],[47.431,50.377],[47.534,50.458],[47.83,50.33],[48.232,49.897],[48.451,49.835],[48.902,50.023],[48.732,50.254],[48.644,50.522],[49.121,50.788],[49.42,50.852],[49.389,51.094],[49.781,51.111],[50.251,51.286],[50.55,51.478],[50.589,51.645],[50.768,51.774],[50.702,51.933],[50.352,51.982],[49.986,52.172],[49.798,52.172],[49.52,52.396],[49.171,52.5],[48.912,52.468],[48.693,52.639],[48.349,52.663],[48.429,52.814],[48.195,52.769],[47.722,52.571],[47.54,52.61],[47.206,52.547],[46.802,52.621],[46.572,52.702],[46.326,52.681],[46.004,52.511],[45.961,52.397],[45.621,52.478],[45.353,52.396],[44.853,52.448],[44.401,52.429],[44.315,52.306],[43.892,52.405],[43.04,52.371],[42.79,52.184],[42.713,51.886],[42.523,51.721],[42.521,51.596],[42.752,51.495],[42.881,51.233]]]},"properties":{"name":"Саратовская область"}},
{"type":"Feature","geometry":{"type":"Polygon","coordinates":[[[20.953,55.281],[20.68,55.058],[20.37,54.938],[19.947,54.929],[19.965,54.786],[19.651,54.453],[20.819,54.36],[21.496,54.324],[22.792,54.363],[22.681,54.534],[22.855,54.888],[22.477,55.045],[22.117,55.027],[21.271,55.245],[20.953,55.281]]]},"properties":{"name":"Калининградская область"}},
{"type":"Feature","geometry":{"type":"Polygon","coordinates":[[[35.991,53.626],[35.623,53.524],[35.384,53.337],[35.141,53.279],[35.24,52.995],[34.876,52.917],[35.016,52.709],[34.924,52.37],[35.083,52.334],[35.606,52.437],[35.815,52.301],[36.416,52.346],[36.496,52.232],[36.792,52.128],[37.33,52.008],[37.738,52.017],[37.839,52.209],[38.057,52.297],[37.775,52.59],[37.891,52.74],[37.866,53.012],[37.649,53.096],[37.59,53.279],[37.158,53.258],[36.784,53.296],[35.991,53.626]]]},"properties":{"name":"Орловская область"}},
{"type":"Feature","geometry":{"type":"Polygon","coordinates":[[[29.322,66.663],[30.069,65.895],[30.017,65.697],[29.602,65.26],[29.894,65.193],[29.6,64.995],[29.74,64.79],[30.043,64.792],[30.045,64.402],[30.483,64.262],[30.528,64.049],[30.261,63.822],[29.972,63.757],[30.484,63.467],[31.242,63.217],[31.587,62.909],[31.222,62.498],[30.071,61.818],[29.74,61.574],[29.306,61.329],[29.564,61.184],[30.385,61.12],[32.094,60.818],[32.916,60.68],[33.158,60.739],[33.331,60.899],[33.785,60.937],[33.92,61.089],[33.668,61.232],[34.242,61.237],[34.794,61.29],[35.698,61.207],[36.46,61.407],[36.584,61.539],[37.03,61.614],[37.305,61.51],[37.817,61.53],[37.76,61.615],[37.944,61.973],[37.702,62.213],[37.453,62.215],[37.635,62.477],[37.369,62.678],[37.071,62.649],[36.528,62.793],[36.258,63.012],[36.307,63.151],[36.192,63.426],[35.935,63.605],[36.455,63.626],[36.59,63.748],[36.553,63.952],[36.249,64.006],[36.099,64.198],[35.745,64.346],[35.002,64.446],[35.047,64.74],[34.618,65.226],[34.423,65.349],[34.764,65.526],[34.744,65.675],[35.053,65.746],[34.699,65.983],[33.805,66.342],[33.609,66.474],[33.146,66.555],[32.557,66.576],[32.343,66.345],[31.83,66.371],[31.576,66.654],[29.322,66.663]]]},"properties":{"name":"Республика Карелия"}},
{"type":"Feature","geometry":{"type":"Polygon","coordinates":[[[115.73,56.962],[116.116,56.819],[116.316,56.87],[116.743,56.739],[117.403,56.845],[117.629,56.973],[117.779,57.318],[117.45,57.26],[117.14,57.665],[117.12,57.861],[117.409,57.912],[117.472,58.326],[117.672,58.406],[118.254,58.398],[118.475,58.23],[119.117,58.238],[119.131,58.488],[118.777,58.611],[118.873,58.82],[118.671,59.187],[118.761,59.428],[118.034,59.629],[117.498,59.493],[117.249,59.513],[117.224,59.874],[117.009,59.917],[116.937,60.196],[116.291,60.41],[115.697,60.549],[115.096,60.413],[114.906,60.185],[114.651,60.179],[114.53,59.984],[114.217,59.785],[113.761,59.617],[113.463,59.432],[113.486,59.285],[113.278,59.158],[112.448,59.136],[112.251,59.528],[112.079,59.393],[111.65,59.224],[111.218,59.204],[110.721,59.281],[110.475,59.046],[109.812,59.004],[109.252,59.467],[109.543,59.667],[109.663,59.876],[109.74,60.249],[109.907,60.461],[110.289,60.702],[110.258,60.822],[110.542,61.088],[110.111,61.278],[109.762,61.332],[109.87,61.549],[109.6,61.745],[109.642,61.928],[110.005,62.186],[109.911,62.437],[109.298,62.522],[109.508,62.795],[109.412,63.368],[109.189,63.53],[108.495,63.636],[108.287,63.837],[108.732,63.842],[108.762,64.017],[108.525,64.149],[108.503,64.306],[108.086,64.246],[108.214,64.01],[107.307,63.978],[106.793,63.881],[106.471,63.542],[106.727,63.41],[106.356,63.302],[106.397,63.126],[106.193,62.921],[106.773,62.639],[106.483,62.341],[106.396,62.043],[105.9,61.844],[105.973,61.714],[104.91,61.395],[105.022,61.197],[104.626,61.079],[104.609,60.724],[104.504,60.616],[104.657,60.406],[104.904,60.3],[105.465,60.252],[105.505,60.001],[104.762,59.685],[105.368,59.118],[104.921,58.959],[104.755,58.807],[104.805,58.675],[104.468,58.609],[103.9,58.921],[103.631,58.922],[103.393,59.03],[103.218,59.238],[102.498,59.186],[102.403,59.083],[102.566,58.74],[102.104,58.49],[101.806,58.455],[101.498,58.23],[101.2,58.129],[100.814,57.665],[100.97,57.483],[100.786,57.408],[100.516,57.494],[100.375,57.729],[100.081,57.945],[100.091,58.069],[99.682,58.083],[99.434,57.789],[98.848,57.728],[97.953,57.829],[97.344,57.032],[97.529,56.79],[97.803,56.775],[97.88,56.375],[97.557,56.376],[97.36,56.032],[97.132,56.113],[96.844,55.839],[96.751,55.663],[96.928,55.302],[96.679,55.254],[96.593,55.03],[96.71,54.869],[96.539,54.53],[96.065,54.574],[95.803,54.227],[96.073,53.985],[96.483,53.694],[96.689,53.646],[96.888,53.73],[97.389,53.544],[97.59,53.377],[98.003,53.25],[99.014,53.102],[99.231,52.963],[99.372,53.102],[99.717,53.15],[99.852,53.287],[100.266,53.372],[100.421,53.249],[100.378,53.105],[100.911,52.783],[101.054,52.764],[101.678,52.476],[101.926,52.318],[102.515,52.235],[102.67,52.061],[103.227,51.805],[103.181,51.619],[103.338,51.447],[103.586,51.491],[103.801,51.435],[103.81,51.13],[104.197,51.284],[104.673,51.338],[104.588,51.622],[105.309,51.749],[105.774,51.956],[106.173,52.361],[107,52.717],[108.014,53.236],[108.451,53.848],[109.068,54.426],[108.632,54.546],[108.726,54.795],[108.698,55.063],[108.797,55.166],[108.639,55.49],[108.776,55.611],[108.823,55.848],[109.035,55.997],[108.805,56.235],[108.549,56.332],[108.74,56.505],[109.143,56.68],[109.424,56.738],[109.688,56.696],[110.014,56.976],[110.629,56.837],[111.242,56.892],[111.499,57.117],[111.831,56.913],[112.218,56.857],[112.55,56.946],[112.866,56.686],[113.788,56.614],[114.158,56.697],[114.749,56.701],[115.067,57.01],[115.07,57.112],[115.654,57.121],[115.845,57.248],[116.251,57.138],[115.73,56.962]]]},"properties":{"name":"Иркутская область"}},
{"type":"Feature","geometry":{"type":"Polygon","coordinates":[[[122.112,53.431],[122.85,53.456],[123.273,53.562],[123.622,53.545],[124.232,53.377],[124.434,53.212],[124.824,53.143],[125.158,53.203],[125.605,53.082],[126.067,52.603],[126.346,52.383],[126.3,52.206],[126.556,52.12],[126.465,51.936],[126.715,51.727],[126.973,51.296],[126.921,51.052],[127.135,50.911],[127.365,50.582],[127.367,50.291],[127.601,50.237],[127.501,50.058],[127.525,49.818],[127.798,49.592],[128.336,49.541],[128.553,49.601],[128.802,49.549],[129.174,49.387],[129.537,49.398],[129.71,49.29],[129.928,49.031],[130.224,48.864],[130.631,48.882],[131.023,49],[131.133,49.241],[131.419,49.255],[131.524,49.572],[131.37,49.72],[131.521,49.903],[131.387,49.976],[131.394,50.272],[130.893,50.49],[131.026,50.577],[130.673,50.742],[130.845,50.879],[131.043,51.239],[131.468,51.486],[131.387,51.626],[132.264,51.8],[132.451,51.886],[132.54,52.05],[132.818,52.163],[133.093,52.153],[133.431,52.258],[133.234,52.447],[133.26,52.681],[133.87,52.514],[133.999,52.54],[134.486,52.461],[134.752,52.68],[134.595,52.901],[134.907,53.23],[134.723,53.529],[134.531,53.621],[133.946,53.439],[133.599,53.551],[133.261,53.458],[132.861,53.235],[132.507,53.215],[131.442,53.221],[131.533,53.334],[131.491,53.602],[131.345,53.783],[130.588,53.878],[130.511,54.122],[130.736,54.299],[131.134,54.367],[131.395,54.737],[132.011,54.933],[132.127,55.067],[132.416,55.082],[132.763,55.456],[132.662,55.626],[132.441,55.743],[131.059,55.657],[130.953,55.712],[130.625,55.762],[130.001,55.713],[129.903,55.778],[129.051,55.695],[128.957,55.494],[128.512,55.545],[128.285,55.691],[127.542,55.665],[126.966,55.7],[126.235,55.608],[125.804,55.807],[125.531,55.747],[125.253,55.908],[124.911,55.842],[124.394,56.053],[124.033,56.256],[123.921,56.388],[123.194,56.441],[122.902,56.557],[122.572,56.485],[122.164,56.746],[121.684,56.76],[121.406,56.986],[120.906,57.061],[120.329,57.021],[119.856,56.896],[119.833,56.566],[120.089,56.501],[120.466,56.295],[120.033,56.109],[120.34,55.883],[120.856,56.022],[121.194,56.041],[121.337,55.822],[121.336,55.53],[121.607,55.526],[121.899,55.62],[122,55.434],[121.88,54.803],[121.93,54.569],[122.146,54.459],[121.665,54.377],[121.779,54.175],[121.627,54.096],[121.947,53.826],[121.975,53.555],[122.112,53.431]]]},"properties":{"name":"Амурская область"}},
{"type":"Feature","geometry":{"type":"Polygon","coordinates":[[[130.631,48.882],[130.523,48.629],[130.713,48.511],[130.835,48.305],[130.677,48.053],[130.862,47.936],[130.958,47.719],[131.545,47.723],[131.812,47.666],[132.018,47.746],[132.485,47.715],[132.719,47.961],[133.567,48.135],[133.746,48.256],[134.471,48.421],[134.765,48.375],[134.732,48.571],[134.4,48.746],[134.047,48.635],[133.76,48.748],[133.589,48.73],[133.281,48.848],[133.272,49.034],[133.054,49.215],[132.733,49.331],[132.486,49.265],[132.385,49.413],[132.111,49.494],[132.004,49.269],[131.666,49.312],[131.419,49.255],[131.133,49.241],[131.023,49],[130.631,48.882]]]},"properties":{"name":"Еврейская автономная область"}},
{"type":"Feature","geometry":{"type":"MultiPolygon","coordinates":[[[[144.736,62.045],[144.516,61.845],[144.224,61.728],[143.999,61.892],[143.548,62.05],[143.136,62.104],[143.006,61.915],[142.768,61.966],[142.467,61.892],[142.145,62.076],[141.833,62.018],[141.493,62.287],[140.846,62.53],[140.312,62.342],[140.276,62.038],[139.953,61.937],[139.927,61.795],[139.554,61.474],[139.091,61.435],[138.735,61.337],[138.397,61.099],[138.207,60.857],[138.398,60.723],[138.262,60.069],[137.974,59.772],[137.632,59.751],[137.295,59.495],[136.673,59.346],[136.09,59.42],[135.826,59.526],[135.438,59.397],[135.193,59.114],[134.716,59.205],[134.001,59.263],[133.748,59.228],[133.519,59.312],[133.171,59.241],[132.588,58.892],[132.547,58.66],[132.175,58.49],[132.229,58.332],[131.986,58.159],[131.495,58.17],[132.068,57.682],[131.849,57.623],[131.606,57.428],[131.432,57.138],[131.832,56.743],[131.501,56.565],[131.222,56.521],[131.14,56.291],[130.86,55.915],[130.953,55.712],[131.059,55.657],[132.441,55.743],[132.662,55.626],[132.763,55.456],[132.416,55.082],[132.127,55.067],[132.011,54.933],[131.395,54.737],[131.134,54.367],[130.736,54.299],[130.511,54.122],[130.588,53.878],[131.345,53.783],[131.491,53.602],[131.533,53.334],[131.442,53.221],[132.507,53.215],[132.861,53.235],[133.261,53.458],[133.599,53.551],[133.946,53.439],[134.531,53.621],[134.723,53.529],[134.907,53.23],[134.595,52.901],[134.752,52.68],[134.486,52.461],[133.999,52.54],[133.87,52.514],[133.26,52.681],[133.234,52.447],[133.431,52.258],[133.093,52.153],[132.818,52.163],[132.54,52.05],[132.451,51.886],[132.264,51.8],[131.387,51.626],[131.468,51.486],[131.043,51.239],[130.845,50.879],[130.673,50.742],[131.026,50.577],[130.893,50.49],[131.394,50.272],[131.387,49.976],[131.521,49.903],[131.37,49.72],[131.524,49.572],[131.419,49.255],[131.666,49.312],[132.004,49.269],[132.111,49.494],[132.385,49.413],[132.486,49.265],[132.733,49.331],[133.054,49.215],[133.272,49.034],[133.281,48.848],[133.589,48.73],[133.76,48.748],[134.047,48.635],[134.4,48.746],[134.732,48.571],[134.765,48.375],[134.568,48.044],[134.574,47.921],[134.765,47.717],[134.495,47.447],[134.168,47.319],[134.219,47.187],[134.015,46.811],[134.005,46.655],[134.388,46.675],[134.407,46.861],[134.662,47.124],[135.085,47.213],[135.691,46.967],[135.837,46.829],[136.054,46.867],[136.234,46.775],[136.725,46.858],[136.978,47.025],[136.948,47.166],[137.081,47.304],[137.393,47.202],[138.004,47.463],[138.054,47.671],[137.777,47.721],[137.611,47.898],[137.323,48.065],[137.451,48.203],[137.835,48.209],[138.236,48.443],[138.397,48.444],[138.637,48.122],[138.738,47.77],[138.537,47.482],[138.863,47.47],[139.033,47.396],[139.264,47.802],[139.722,48.163],[140.165,48.442],[140.237,48.845],[140.361,48.921],[140.312,49.2],[140.547,49.565],[140.485,49.997],[140.502,50.872],[140.641,50.952],[140.67,51.323],[140.858,51.371],[140.873,51.612],[141.105,51.682],[141.168,51.828],[141.422,51.957],[141.499,52.162],[141.116,52.411],[141.259,52.601],[141.149,52.992],[141.443,53.165],[141.38,53.253],[140.909,53.428],[140.946,53.499],[140.522,53.665],[140.256,53.871],[140.196,54.056],[139.792,54.203],[139.19,54.185],[138.754,54.302],[138.769,53.978],[138.66,53.707],[138.409,53.519],[137.95,53.581],[137.321,53.534],[137.606,53.831],[137.431,54.039],[137.744,54.307],[137.452,54.314],[137.085,54.125],[137.29,54.038],[137.172,53.844],[136.679,53.952],[136.786,54.063],[136.783,54.642],[136.48,54.585],[136.221,54.614],[135.848,54.562],[135.306,54.724],[135.232,54.913],[135.537,55.089],[136.133,55.289],[136.35,55.528],[136.8,55.695],[137.551,56.106],[137.725,56.138],[138.108,56.539],[138.611,56.955],[138.929,57.064],[139.183,57.272],[139.415,57.301],[139.788,57.484],[139.994,57.698],[140.323,57.768],[140.49,57.883],[140.777,58.304],[141.676,58.682],[142.08,59.033],[142.4,59.181],[143.213,59.356],[143.482,59.319],[143.877,59.401],[144.98,59.367],[145.572,59.421],[146.302,59.279],[146.441,59.462],[146.942,59.369],[147.109,59.409],[147.216,59.732],[147.039,59.948],[146.801,59.905],[146.689,60.087],[146.372,60.251],[145.857,60.17],[145.637,60.265],[145.529,60.495],[146.085,60.737],[146.35,60.66],[146.705,60.949],[146.74,61.469],[146.348,61.841],[145.965,62.004],[145.451,61.949],[144.988,62.052],[144.736,62.045]]],[[[137.689,54.643],[138.001,54.786],[138.075,55.048],[137.615,55.187],[137.303,54.906],[137.485,54.868],[137.689,54.643]]]]},"properties":{"name":"Хабаровский край"}},
{"type":"Feature","geometry":{"type":"Polygon","coordinates":[[[84.454,56.043],[84.539,55.719],[84.741,55.641],[84.927,55.164],[84.878,55.02],[85.088,54.816],[84.895,54.729],[85.117,54.438],[85.425,54.187],[85.749,54.164],[85.871,54.038],[86.124,53.983],[86.296,53.83],[86.394,53.597],[86.905,53.412],[86.644,53.18],[87.063,53.026],[86.912,52.847],[87.133,52.618],[87.653,52.422],[87.892,52.538],[88.442,52.336],[88.376,52.177],[88.701,52.271],[88.699,52.364],[89.11,52.588],[89.219,52.858],[88.936,53.046],[89.036,53.28],[88.86,53.464],[89.045,53.792],[89.007,54.001],[89.217,54.25],[88.836,54.42],[88.524,54.416],[88.595,54.683],[88.754,54.791],[88.55,55.002],[88.442,55.305],[88.601,55.427],[88.914,55.66],[89.332,55.775],[89.247,56.07],[89.04,56.3],[88.593,56.431],[88.663,56.62],[88.598,56.802],[88.424,56.834],[87.701,56.551],[87.597,56.664],[86.849,56.556],[86.678,56.643],[86.339,56.636],[85.414,56.206],[84.897,56.163],[84.454,56.043]]]},"properties":{"name":"Кемеровская область"}},
{"type":"Feature","geometry":{"type":"Polygon","coordinates":[[[90.487,52.196],[90.895,52.601],[91.228,52.616],[91.505,52.994],[91.419,53.089],[91.738,53.178],[91.903,53.426],[91.625,53.534],[91.427,53.862],[91.564,54.019],[91.26,54.507],[90.919,54.654],[90.946,54.848],[90.507,54.904],[90.499,55.061],[89.996,55.124],[89.372,55.043],[89.01,55.234],[89.011,55.324],[88.601,55.427],[88.442,55.305],[88.55,55.002],[88.754,54.791],[88.595,54.683],[88.524,54.416],[88.836,54.42],[89.217,54.25],[89.007,54.001],[89.045,53.792],[88.86,53.464],[89.036,53.28],[88.936,53.046],[89.219,52.858],[89.11,52.588],[88.699,52.364],[88.701,52.271],[88.376,52.177],[88.126,52.068],[87.891,51.813],[88.11,51.74],[87.934,51.526],[88.445,51.285],[88.703,51.393],[88.792,51.554],[89.44,51.607],[89.71,51.562],[89.952,51.755],[90.143,52.148],[90.487,52.196]]]},"properties":{"name":"Республика Хакасия"}},
{"type":"Feature","geometry":{"type":"Polygon","coordinates":[[[39.402,56.771],[39.621,57.06],[39.853,57.174],[40.43,57.286],[40.406,57.493],[40.707,57.626],[40.638,57.864],[40.882,58.179],[41.19,58.35],[40.93,58.576],[40.186,58.555],[39.793,58.837],[39.235,58.915],[38.842,58.747],[38.065,58.73],[37.712,58.626],[37.628,58.483],[37.369,58.338],[37.384,58.203],[37.605,58.077],[37.38,57.837],[37.858,57.58],[37.801,57.501],[38.243,57.117],[38.244,56.793],[38.318,56.659],[39.273,56.537],[39.402,56.771]]]},"properties":{"name":"Ярославская область"}},
{"type":"Feature","geometry":{"type":"Polygon","coordinates":[[[53.697,55.925],[54.036,56.022],[54.378,56.379],[54.329,56.483],[53.885,56.663],[54.311,57.084],[54.312,57.306],[54.142,57.316],[54.136,57.958],[53.881,58.2],[53.786,58.456],[53.374,58.384],[53.18,58.501],[52.843,58.393],[51.965,58.453],[51.795,58.34],[51.825,57.914],[51.954,57.767],[51.832,57.571],[51.53,57.458],[51.165,57.441],[51.124,57.243],[51.483,56.799],[51.138,56.529],[51.404,56.286],[51.444,56.127],[51.417,55.96],[51.763,55.922],[51.952,55.99],[52.559,56.035],[52.847,56.187],[52.555,56.243],[52.812,56.397],[53.064,56.13],[53.307,56.25],[53.575,56.237],[53.414,55.858],[53.697,55.925]]]},"properties":{"name":"Удмуртская республика"}},
{"type":"Feature","geometry":{"type":"Polygon","coordinates":[[[34.722,59.085],[35.296,58.78],[35.409,58.849],[36.104,58.725],[36.182,58.512],[36.503,58.515],[36.765,58.801],[37.071,58.863],[37.414,58.583],[37.628,58.483],[37.712,58.626],[38.065,58.73],[38.842,58.747],[39.235,58.915],[39.793,58.837],[40.186,58.555],[40.93,58.576],[41.23,58.741],[41.172,58.932],[41.714,59.085],[42.001,59.105],[42.035,59.43],[42.348,59.305],[42.574,59.33],[42.8,59.17],[43.421,59.291],[44.091,59.234],[44.19,59.17],[45.04,59.122],[45.34,59.216],[45.979,59.172],[46.02,59.324],[46.369,59.343],[46.409,59.619],[47.118,59.599],[46.922,59.765],[46.835,60.054],[46.378,60.129],[46.416,60.269],[46.758,60.365],[47.013,60.625],[47.072,60.844],[46.824,60.963],[45.759,61.011],[45.809,61.162],[45.338,61.195],[45.251,60.894],[44.16,60.965],[43.783,61.037],[43.524,60.766],[42.92,60.814],[42.57,60.773],[41.509,60.895],[41.342,60.688],[41.141,60.636],[40.575,60.72],[39.886,60.654],[39.759,60.741],[39.143,60.68],[38.587,60.798],[38.218,60.931],[38.124,61.161],[37.873,61.29],[37.817,61.53],[37.305,61.51],[37.03,61.614],[36.584,61.539],[36.46,61.407],[35.698,61.207],[35.697,61.003],[35.176,60.77],[35.299,60.601],[35.156,60.152],[35.495,59.652],[35.441,59.426],[35.178,59.258],[34.849,59.201],[34.722,59.085]]]},"properties":{"name":"Вологодская область"}},
{"type":"Feature","geometry":{"type":"Polygon","coordinates":[[[44.678,42.756],[45.087,42.712],[45.243,42.89],[45.067,43.509],[44.848,43.565],[44.503,43.588],[44.569,43.235],[44.903,43.097],[44.953,42.947],[44.678,42.756]]]},"properties":{"name":"Ингушетия"}},
{"type":"Feature","geometry":{"type":"Polygon","coordinates":[[[59.042,56.168],[59.308,56.046],[59.221,55.85],[59.336,55.632],[59.16,55.342],[58.725,55.29],[58.806,55.029],[58.529,54.973],[58.023,55.277],[57.394,55.317],[57.131,55.085],[57.259,54.95],[57.245,54.772],[57.603,54.679],[57.753,54.502],[58.012,54.397],[58.385,54.56],[58.587,54.464],[59.065,54.65],[59.289,54.658],[59.618,54.906],[59.947,54.77],[59.689,54.522],[59.789,54.244],[59.708,54.142],[59.326,54.188],[59.188,54.004],[58.908,53.863],[58.913,53.056],[58.761,52.85],[58.751,52.611],[58.855,52.426],[59.166,52.277],[59.249,52.477],[59.678,52.409],[60.163,52.4],[60.174,52.26],[59.968,52.152],[60.01,51.994],[60.201,51.983],[60.502,52.149],[60.974,52.278],[60.981,52.508],[60.714,52.761],[61.144,52.993],[61.466,53.035],[61.634,52.954],[62.132,52.989],[62.112,53.116],[61.185,53.3],[61.32,53.509],[60.904,53.625],[61.227,53.795],[61.294,54.067],[61.729,54.03],[62.336,54.032],[63.058,54.098],[63.354,54.19],[63.172,54.308],[63.285,54.581],[63.2,54.699],[62.672,54.624],[62.112,54.798],[61.996,54.981],[62.237,55.109],[62.161,55.231],[62.32,55.414],[62.62,55.491],[62.526,55.77],[62.061,56.131],[61.735,56.287],[61.092,56.319],[60.964,56.191],[60.705,56.243],[60.004,56.221],[59.714,56.324],[59.289,56.327],[59.042,56.168]]]},"properties":{"name":"Челябинская область"}},
{"type":"Feature","geometry":{"type":"Polygon","coordinates":[[[57.406,56.343],[57.168,56.162],[56.921,56.104],[56.407,56.404],[56.081,56.29],[55.92,56.45],[55.46,56.332],[55.022,56.324],[54.54,56.511],[54.378,56.379],[54.036,56.022],[53.697,55.925],[53.88,55.887],[54.241,55.677],[53.966,55.529],[53.883,55.371],[53.319,55.162],[53.619,54.747],[53.438,54.572],[53.404,54.397],[53.501,54.056],[53.645,53.754],[53.851,53.684],[54.075,53.442],[54.548,53.355],[54.552,53.263],[54.927,53.211],[55.14,52.814],[55.367,52.683],[55.5,52.462],[55.848,52.47],[56.148,52.632],[56.432,52.428],[56.487,52.169],[56.705,52.06],[56.611,51.827],[56.771,51.667],[56.997,51.721],[57.161,51.576],[57.611,51.785],[57.912,51.836],[58.188,51.733],[58.575,51.772],[58.656,51.893],[58.617,52.137],[58.945,52.34],[58.855,52.426],[58.751,52.611],[58.761,52.85],[58.913,53.056],[58.908,53.863],[59.188,54.004],[59.326,54.188],[59.708,54.142],[59.789,54.244],[59.689,54.522],[59.947,54.77],[59.618,54.906],[59.289,54.658],[59.065,54.65],[58.587,54.464],[58.385,54.56],[58.012,54.397],[57.753,54.502],[57.603,54.679],[57.245,54.772],[57.259,54.95],[57.131,55.085],[57.394,55.317],[58.023,55.277],[58.529,54.973],[58.806,55.029],[58.725,55.29],[59.16,55.342],[59.336,55.632],[59.221,55.85],[59.308,56.046],[59.042,56.168],[58.961,56.065],[58.583,56.165],[57.913,56.107],[57.508,56.195],[57.406,56.343]]]},"properties":{"name":"Башкортостан"}},
{"type":"Feature","geometry":{"type":"Polygon","coordinates":[[[35.233,45.792],[35.468,46.146],[35.074,46.3],[35.053,46.482],[34.713,46.62],[34.736,46.961],[34.52,47.105],[34.479,47.315],[34.293,47.274],[34.139,47.477],[33.644,47.485],[33.093,47.579],[33.069,47.022],[32.949,46.858],[32.252,46.82],[31.94,46.651],[31.807,46.479],[31.831,46.353],[31.237,46.403],[31.296,46.182],[31.425,46.09],[32.447,45.871],[32.773,45.827],[33.541,46.012],[33.811,46.204],[34.802,45.901],[34.975,45.762],[35.233,45.792]]]},"properties":{"name":"Херсонская область"}},
{"type":"Feature","geometry":{"type":"Polygon","coordinates":[[[39.178,49.866],[38.848,49.864],[38.718,49.984],[38.678,49.999],[38.648,49.956],[38.583,49.977],[38.527,49.959],[38.489,49.963],[38.479,49.983],[38.434,50.001],[38.132,49.925],[38.015,49.679],[37.847,49.52],[37.874,49.234],[38.04,49.127],[38.316,48.735],[38.298,48.491],[38.427,48.278],[39.04,48.007],[39.074,47.869],[39.387,47.871],[39.517,47.829],[39.565,47.836],[39.622,47.836],[39.652,47.833],[39.738,47.828],[39.757,47.847],[39.763,47.871],[39.791,47.869],[39.794,47.919],[39.816,47.968],[39.942,48.229],[39.84,48.329],[39.886,48.335],[39.919,48.347],[39.932,48.363],[39.907,48.39],[39.912,48.42],[39.897,48.448],[39.853,48.466],[39.867,48.509],[39.855,48.538],[39.841,48.573],[39.792,48.593],[39.747,48.591],[39.702,48.588],[39.676,48.594],[39.661,48.608],[39.694,48.637],[39.702,48.67],[39.72,48.698],[39.704,48.721],[39.726,48.752],[39.751,48.773],[39.779,48.785],[39.78,48.807],[39.792,48.828],[39.805,48.844],[39.828,48.831],[39.882,48.822],[39.948,48.796],[40.072,48.874],[40.061,48.909],[39.852,48.891],[39.781,48.937],[40.186,49.281],[40.042,49.499],[40.17,49.569],[40.139,49.596],[40.135,49.617],[39.952,49.597],[39.891,49.558],[39.84,49.564],[39.806,49.558],[39.75,49.597],[39.66,49.615],[39.639,49.635],[39.611,49.734],[39.479,49.757],[39.434,49.759],[39.379,49.739],[39.274,49.768],[39.251,49.776],[39.228,49.807],[39.227,49.84],[39.203,49.864],[39.178,49.866]]]},"properties":{"name":"Луганская Народная Республика"}},
{"type":"Feature","geometry":{"type":"Polygon","coordinates":[[[39.074,47.869],[39.04,48.007],[38.427,48.278],[38.298,48.491],[38.316,48.735],[38.04,49.127],[37.874,49.234],[37.569,49.231],[37.146,48.842],[36.689,48.776],[36.86,48.569],[36.817,48.313],[36.937,48.194],[36.855,48.035],[36.588,48.08],[36.585,47.847],[36.725,47.631],[37.158,47.455],[36.937,47.166],[37.081,47.047],[37.021,46.928],[37.169,46.71],[37.438,46.716],[37.62,46.83],[38.141,46.861],[38.338,46.981],[38.229,47.123],[38.334,47.269],[38.285,47.544],[38.35,47.617],[38.616,47.644],[38.789,47.738],[38.789,47.816],[38.824,47.836],[38.835,47.862],[38.876,47.867],[38.955,47.87],[39.074,47.869]]]},"properties":{"name":"Донецкая Народная Республика"}},
{"type":"Feature","geometry":{"type":"Polygon","coordinates":[[[35.468,46.146],[35.844,46.41],[36.08,46.301],[36.229,46.322],[36.499,46.528],[36.907,46.49],[37.169,46.71],[37.021,46.928],[37.081,47.047],[36.937,47.166],[37.158,47.455],[36.725,47.631],[36.585,47.847],[36.276,47.815],[36.085,47.93],[36.052,48.059],[35.524,48.074],[35.295,48.144],[34.915,48.091],[34.864,47.879],[34.945,47.53],[34.572,47.562],[34.139,47.477],[34.293,47.274],[34.479,47.315],[34.52,47.105],[34.736,46.961],[34.713,46.62],[35.053,46.482],[35.074,46.3],[35.468,46.146]]]},"properties":{"name":"Запорожская область"}},
{"type":"Feature","geometry":{"type":"Polygon","coordinates":[[[32.773,45.827],[32.297,45.575],[32.211,45.452],[32.274,45.227],[32.671,45.113],[32.831,45.151],[33.046,45.001],[33.295,44.941],[33.554,44.84],[33.827,44.571],[33.697,44.191],[34.238,44.232],[34.568,44.417],[34.809,44.604],[35.12,44.586],[35.632,44.849],[35.86,44.793],[36.435,44.856],[36.61,44.941],[36.53,45.199],[36.664,45.36],[36.668,45.627],[36.339,45.672],[35.982,45.617],[35.785,45.643],[35.576,45.49],[35.233,45.792],[34.975,45.762],[34.802,45.901],[33.811,46.204],[33.541,46.012],[32.773,45.827]]]},"properties":{"name":"Республика Крым"}},
{"type":"Feature","geometry":{"type":"Polygon","coordinates":[[[33.295,44.941],[33.246,44.763],[33.091,44.575],[33.295,44.335],[33.697,44.191],[33.827,44.571],[33.554,44.84],[33.295,44.941]]]},"properties":{"name":"Севастополь"}}
]}